ds006036_id,group,participant_id,n_eo,var_eo,n_ec_near,has_reactivity,alphaEO_log__posterior,alphaEC_log__posterior,alphaECall_log__posterior,alphaREST_log__posterior,react_log__posterior,react_rel__posterior,xreact_log__posterior,alphaEO_log__global,alphaEC_log__global,alphaECall_log__global,alphaREST_log__global,react_log__global,react_rel__global,xreact_log__global
sub-001,AD,sub-012,21,0.082757,206,True,-11.204027593793958,-10.959759043428722,-11.135592412256612,-11.045006624068705,0.24426855036523598,0.08666994380110679,0.15902096972525293,-11.244777521127839,-11.081702737972815,-11.223295722367935,-11.11685854814457,0.16307478315502344,0.053002276239989626,0.12791897298326838
sub-002,AD,sub-013,54,0.033288,337,True,-11.740251013657337,-11.294498461889672,-11.295919860859037,-11.287376452408497,0.44575255176766504,0.05318123755394784,0.45287456124884073,-11.62855895940241,-11.39716571496845,-11.398837624777311,-11.432397292074832,0.23139324443395992,0.024804210254487008,0.19616166732757812
sub-003,AD,sub-014,5,0.308725,82,True,-11.479400368268475,-11.657442596462342,-11.67003322775788,-11.607199443074919,-0.17804222819386695,0.03227913574041771,-0.12779907480644326,-11.354722837398642,-11.582729921001281,-11.59422535207156,-11.58983235036889,-0.22800708360263933,0.022528702005417497,-0.23510951297024896
sub-004,AD,sub-015,8,0.195494,220,True,-11.597884771771982,-10.860998058375197,-10.785333944811068,-10.63814151341413,0.7368867133967854,0.41879246084228355,0.959743258357852,-11.640349189338544,-11.055720815092224,-10.983656003762013,-10.838222168953601,0.5846283742463196,0.33199104768821824,0.8021270203849422
sub-005,AD,,10,0.163052,250,True,-12.250256778236146,-12.027466569168707,-12.029402647832502,,0.22279020906743874,0.04744068459413113,,-11.665093390957171,-11.444689015484496,-11.44793486665978,,0.22040437547267544,0.03392862382954754,
sub-006,AD,sub-017,10,0.163051,269,True,-11.367090281252315,-11.212482926782043,-11.274854887915941,-11.282924246397702,0.15460735447027218,0.059401195330042414,0.08416603485461316,-11.379795878991478,-11.314028667688293,-11.357159651664185,-11.348851187445552,0.06576721130318575,0.02134434458671358,0.030944691545926162
sub-007,AD,sub-018,8,0.210813,159,True,-10.8227185048228,-10.771325118266814,-10.7969389443228,-10.82546451808734,0.05139338655598635,-0.017625096611915803,-0.002746013264539826,-10.87369706197559,-10.767267978164206,-10.794157136273105,-10.82931586919698,0.10642908381138483,0.008875777041044586,0.04438119277861041
sub-008,AD,,5,0.306499,203,True,-11.49577435231323,-11.295361743877603,-11.317380990346242,,0.20041260843562725,0.07671550701678342,,-11.598546392373983,-11.426694206215226,-11.43068091094179,,0.1718521861587572,0.07503271825453939,
sub-009,AD,,7,0.214927,162,True,-12.020980111966688,-11.599649778322027,-11.611949857812323,,0.42133033364466144,0.04377602371365548,,-11.922258037341807,-11.623259936067603,-11.625691599883577,,0.29899810127420423,0.03678687350175325,
sub-010,AD,sub-021,7,0.234931,176,True,-11.924434955700505,-11.561950310209811,-11.542833324011038,-11.395956091746951,0.36248464549069404,0.09845025453777076,0.5284788639535538,-11.700262898192156,-11.524221430410188,-11.515401813741036,-11.345606934850219,0.1760414677819675,0.0851422938365668,0.35465596334193705
sub-011,AD,,0,inf,0,False,,,,,,,,,,,,,,
sub-012,AD,sub-023,3,0.429886,168,True,-12.168265750498099,-10.91192561992454,-11.09032931996683,-10.952877289399781,1.2563401305735589,0.2984529953336564,1.2153884610983177,-11.74239616758079,-11.073583955744162,-11.231165495284074,-11.118430136124815,0.6688122118366273,0.19504659137318314,0.623966031455975
sub-013,AD,sub-024,6,0.266308,117,True,-11.651365929909907,-11.276798554724914,-11.305537224481967,-11.214408628229938,0.37456737518499317,0.026498436360541583,0.4369573016799695,-11.497467364535868,-11.267080968077977,-11.28408862753423,-11.199045087247239,0.2303863964578916,0.01646026710297578,0.2984222772886298
sub-014,AD,sub-025,4,0.358621,95,True,-11.657748959969629,-10.386068690611209,-10.372580627817879,-10.298552597957475,1.27168026935842,0.6043348143969314,1.3591963620121543,-11.649485760519145,-10.61434064215366,-10.594846021301539,-10.513055829195872,1.0351451183654845,0.4403875264223354,1.1364299313232724
sub-015,AD,sub-026,0,inf,0,False,,,-11.473161563087046,-11.364494327936523,,,,,,-11.415247176363971,-11.354736380670973,,,
sub-016,AD,,30,0.059797,199,True,-11.397066659341627,-11.173403342395204,-11.252801492011852,,0.22366331694642305,0.02901061270239754,,-11.33319180028095,-11.255819312274106,-11.302712288206015,,0.07737248800684426,0.013793870852843247,
sub-017,AD,,1,1.0,107,False,,,-11.498200623934732,,,,,,,-11.453447512690234,,,,
sub-018,AD,sub-029,6,0.266305,143,True,-11.244462025588827,-11.37095846834138,-11.336924267545463,-11.339429537967693,-0.12649644275255234,-0.016524373665924977,-0.09496751237886514,-11.210182528474784,-11.392609897005928,-11.369701094724336,-11.362409542196826,-0.18242736853114394,-0.009247188354823174,-0.15222701372204206
sub-019,AD,,1,1.0,91,False,,,-10.905425388717008,,,,,,,-10.866897464327083,,,,
sub-020,AD,sub-031,3,0.532611,91,False,,,-10.781748398294114,-10.720649226112004,,,,,,-11.00774566279439,-10.945017553378973,,,
sub-021,AD,sub-032,4,0.419883,81,True,-10.94955574240768,-11.080371553934016,-11.203414406096519,-10.992790014859647,-0.13081581152633603,-0.1045079135080737,-0.04323427245196676,-10.977147238106392,-11.160813906296946,-11.249176303889243,-11.079268108569849,-0.1836666681905541,-0.10445178977000535,-0.10212087046345708
sub-022,AD,sub-034,1,1.0,89,False,,,-11.671400496578308,-11.55677120764578,,,,,,-11.740419200851637,-11.64155349937835,,,
sub-023,AD,,0,inf,0,False,,,,,,,,,,,,,,
sub-024,AD,,0,inf,0,False,,,,,,,,,,,,,,
sub-025,AD,sub-008,2,0.717243,39,False,,,-11.50079713276596,-11.529392805308994,,,,,,-11.408868717719963,-11.47683208229237,,,
sub-026,AD,,0,inf,0,False,,,,,,,,,,,,,,
sub-027,AD,,0,inf,0,False,,,,,,,,,,,,,,
sub-028,AD,sub-011,0,inf,158,False,,,-10.648903598789953,-10.631659002575025,,,,,,-10.823522925881006,-10.821822268986564,,,
sub-029,AD,,0,inf,0,False,,,,,,,,,,,,,,
sub-030,AD,,0,inf,0,False,,,,,,,,,,,,,,
sub-031,AD,,0,inf,0,False,,,,,,,,,,,,,,
sub-032,AD,,0,inf,0,False,,,,,,,,,,,,,,
sub-033,AD,,0,inf,0,False,,,,,,,,,,,,,,
sub-034,AD,,0,inf,0,False,,,,,,,,,,,,,,
sub-035,AD,sub-005,7,0.234931,207,True,-11.70092544150495,-11.487055141149515,-11.535101481786729,-11.45898653489012,0.21387030035543475,0.08332532441839062,0.24193890661483053,-11.64700022357515,-11.54355851566863,-11.585031929958781,-11.529414823989283,0.1034417079065193,0.054704288346964294,0.11758539958586667
sub-036,AD,,0,inf,0,False,,,,,,,,,,,,,,
sub-037,CN,sub-037,2,0.5,158,True,-11.73932904524885,-10.880921340211732,-10.855637715189703,-10.746137113378092,0.8584077050371182,0.1647645419619598,0.9931919318707578,-11.71849336708744,-11.045137603091513,-11.020282318390597,-10.945220469226278,0.6733557639959269,0.13317318907572842,0.7732728978611618
sub-038,CN,sub-044,7,0.234931,201,True,-11.197647126223103,-10.166004496876374,-10.156158833678791,-10.286770531376503,1.0316426293467291,0.507054363731256,0.9108765948466004,-11.11716266191191,-10.356779977291493,-10.344917825393225,-10.462165980546335,0.7603826846204171,0.3862925336039035,0.6549966813655761
sub-039,CN,,9,0.177537,194,True,-11.485760826285219,-11.082404174384402,-11.073087421731499,,0.4033566519008165,0.08891251645336445,,-11.556009146523806,-11.23538047368314,-11.202142252646118,,0.320628672840666,0.08648497480082998,
sub-040,CN,sub-046,4,0.358621,124,True,-11.378648684298412,-10.12293513785634,-10.150928228078708,-10.273472990989468,1.2557135464420721,0.47810915609089744,1.1051756933089436,-11.341726954734822,-10.32514760069931,-10.355844905554553,-10.462653844677707,1.0165793540355121,0.369387669660313,0.8790731100571154
sub-041,CN,sub-047,4,0.419883,75,True,-11.9759074340688,-10.406168070174237,-10.355224635807707,-10.476672581837205,1.5697393638945627,0.5143468938207592,1.499234852231595,-11.916287272697634,-10.550034345754028,-10.521236372807422,-10.655237807275624,1.3662529269436057,0.4397712821176376,1.2610494654220101
sub-042,CN,sub-048,7,0.234931,128,True,-11.584198410337398,-10.430013595431863,-10.45871645783051,-10.486619001567346,1.1541848149055358,0.4142086344930376,1.0975794087700521,-11.708282399404444,-10.671758100472625,-10.700105115143966,-10.706189103187318,1.0365242989318197,0.3749524204378496,1.0020932962171258
sub-043,CN,sub-049,6,0.266305,157,True,-11.629565100799903,-10.334363612980777,-10.338337949955726,-10.298484498692833,1.295201487819126,0.4954671116800297,1.33108060210707,-11.768173576792572,-10.609295631447075,-10.609429503412857,-10.557004849223077,1.1588779453454965,0.3271369674016734,1.2111687275694951
sub-044,CN,sub-050,7,0.234934,145,True,-11.748648174229194,-10.811607276340652,-10.841506180210402,-10.745521538695,0.9370408978885418,0.400657997439073,1.0031266355341941,-11.712289519192478,-10.99633069878954,-11.009716737057621,-10.94218735258106,0.7159588204029372,0.30517066442673807,0.7701021666114176
sub-045,CN,sub-051,1,1.0,29,False,,,-10.921556588177463,-10.850718053971388,,,,,,-11.076823281405757,-11.017643669172784,,,
sub-046,CN,,91,0.020565,422,True,-11.069793016901764,-11.054099905492325,-11.088425477974987,,0.015693111409438742,-0.03544288479899296,,-11.14915131731793,-11.153989521066096,-11.17971908023404,,-0.0048382037481662366,-0.02696952409286997,
sub-047,CN,sub-053,6,0.266305,177,True,-11.54201428449725,-10.509616816275292,-10.55708111535774,-10.336451540073032,1.0323974682219585,0.3101351899515278,1.2055627444242187,-11.5234275902682,-10.67068526936357,-10.707984811773004,-10.508370059046788,0.8527423209046301,0.25302991312943335,1.0150575312214123
sub-048,CN,sub-054,5,0.306499,141,True,-11.24303061769056,-10.161759880260094,-10.169003819759773,-10.236399925889444,1.081270737430465,0.45946265026386185,1.0066306918011154,-11.331595385994559,-10.379136222485856,-10.379747769220987,-10.449835819707362,0.9524591635087027,0.41471465094143245,0.8817595662871973
sub-049,CN,sub-055,6,0.266308,145,True,-11.736361230338984,-10.96554378461837,-10.709698071447228,-10.477658882863304,0.7708174457206134,0.18351253764787231,1.2587023474756798,-11.697421498298361,-11.086569244557213,-10.86062731648776,-10.707886845132338,0.6108522537411485,0.13432733293647078,0.9895346531660234
sub-050,CN,sub-056,4,0.358621,143,True,-11.567055274704785,-10.209971497764423,-10.207523178875883,-10.277099026739394,1.357083776940362,0.6130481806256414,1.2899562479653905,-11.611030361612219,-10.389471579066603,-10.38447373272936,-10.446225498413314,1.2215587825456158,0.5791053893214627,1.1648048631989045
sub-051,CN,sub-057,5,0.306499,120,True,-11.631478936304749,-10.556881179456836,-10.610606722210223,-10.561843687188977,1.074597756847913,0.3495670442678539,1.0696352491157715,-11.715788544515467,-10.776558632608653,-10.805072902423627,-10.765909615500112,0.9392299119068142,0.2715920841848686,0.9498789290153553
sub-052,CN,sub-058,6,0.266308,194,True,-10.473776550788925,-10.648990222040924,-10.821133242639524,-10.488758008585847,-0.17521367125199916,-0.06487089738579327,-0.014981457796922726,-10.609989706710623,-10.822644882042544,-10.971587222375158,-10.662186770090111,-0.21265517533192124,-0.07840702052653553,-0.05219706337948793
sub-053,CN,sub-059,7,0.234931,120,True,-11.914896050265959,-11.557913108651652,-11.485783617060799,-11.352616770609767,0.3569829416143069,0.13682261708599958,0.5622792796561917,-11.951248356063214,-11.654687900913233,-11.579011310557355,-11.475840090912506,0.2965604551499812,0.101154309627717,0.47540826515070833
sub-054,CN,sub-060,1,1.0,96,False,,,-11.658612080077203,-11.47721571883183,,,,,,-11.721063320935045,-11.612460969095766,,,
sub-055,CN,sub-061,0,inf,54,False,,,-10.6377450491948,-10.766558646451053,,,,,,-10.849312952968416,-11.009739471141886,,,
sub-056,CN,sub-063,5,0.306499,197,True,-11.940156477601894,-10.920330820425042,-10.979278117253552,-11.00162006975769,1.0198256571768525,0.3162543896903142,0.9385364078442038,-11.950700330268702,-11.163215154455427,-11.214220724879782,-11.229113165320166,0.7874851758132753,0.21266778775645873,0.7215871649485361
sub-057,CN,sub-039,1,1.0,109,False,,,-10.187977992168705,-10.352110101271744,,,,,,-10.335977071580581,-10.526053145921349,,,
sub-058,CN,sub-040,1,1.0,86,False,,,-10.633023980463731,-10.431404948014372,,,,,,-10.84150207120999,-10.642802071215318,,,
sub-059,CN,sub-041,7,0.234931,173,True,-11.646120937339731,-10.902120593261492,-11.101137114973083,-10.68239805218115,0.7440003440782395,0.2707219825836055,0.9637228851585817,-11.741622549224463,-11.13248568252856,-11.3133968154309,-10.919291966381644,0.6091368666959021,0.1906617454157632,0.8223305828428185
sub-060,CN,sub-042,2,0.717243,109,False,,,-10.495281096823474,-10.47369990662369,,,,,,-10.678428537724535,-10.677218777664118,,,
sub-061,CN,sub-043,34,0.051518,453,True,-11.539996336321668,-11.525085304321916,-11.531831130373812,-11.33575172213832,0.014911031999751856,0.05075768087260035,0.20424461418334694,-11.629707794409896,-11.642544528061201,-11.649041864271302,-11.486918600886446,-0.01283673365130511,0.033708616045395254,0.1427891935234502
sub-062,CN,sub-062,19,0.090433,301,True,-11.745101887701887,-10.780711921267997,-10.786421791475368,-10.899304528841649,0.96438996643389,0.24640781076681834,0.8457973588602385,-11.65637654849167,-10.908471759837479,-10.903698250685263,-11.027361695908974,0.747904788654191,0.1964996971673692,0.6290148525826957
sub-063,CN,sub-064,3,0.429886,180,True,-10.627738441521323,-9.747148866731798,-9.74477496955926,-9.806862011104357,0.8805895747895249,0.4559864990598179,0.8208764304169662,-10.77009283676506,-9.986716716676241,-9.981388356827852,-10.043118064313397,0.7833761200888194,0.43108649501171425,0.7269747724516638
sub-064,CN,,91,0.020565,381,True,-11.093729962064529,-11.092014946694455,-11.12818942229828,,0.0017150153700740134,-0.016378194751084096,,-11.178727592205304,-11.189292848273588,-11.218603741947668,,-0.010565256068284512,-0.00769669687699126,
sub-065,CN,,0,inf,0,False,,,-10.567914604035446,,,,,,,-10.710292606946622,,,,
sub-066,FTD,,0,inf,71,False,,,-11.907474475582609,,,,,,,-11.413776131342138,,,,
sub-067,FTD,sub-073,11,0.150659,238,True,-11.79658225007041,-11.148803843648041,-11.158185665668277,-11.056770003324509,0.6477784064223684,0.20329045882464214,0.7398122467459007,-11.786056065039359,-11.311083711099302,-11.320113978897119,-11.226096336518474,0.474972353940057,0.13137508220365204,0.5599597285208855
sub-068,FTD,,3,0.532611,69,False,,,-11.297385955226888,,,,,,,-11.42954228760062,,,,
sub-069,FTD,sub-075,2,0.717243,79,False,,,-10.304882199100735,-10.37945632464014,,,,,,-10.532185290036168,-10.618875029859158,,,
sub-070,FTD,sub-076,16,0.104971,185,True,-11.402455832186321,-11.308763619729886,-11.3397287837171,-11.313414892495887,0.09369221245643544,0.01587966796401344,0.08904093969043458,-11.419429464343427,-11.357414458164769,-11.383701859089905,-11.34688703986955,0.06201500617865818,0.008968086817116722,0.07254242447387682
sub-071,FTD,sub-077,0,inf,196,False,,,-11.492698823686716,-11.588064930970596,,,,,,-11.594235311202617,-11.722089095352029,,,
sub-072,FTD,sub-078,0,inf,203,False,,,-11.76615084653282,-11.741578119451566,,,,,,-11.667505087359643,-11.659586004072034,,,
sub-073,FTD,sub-079,4,0.362094,136,True,-11.975326956317593,-10.905544479546423,-10.891462770124814,-10.717233487314495,1.06978247677117,0.3226378153181759,1.2580934690030983,-11.630951609228159,-11.043054983828673,-11.066571975241065,-10.925822576411944,0.5878966253994857,0.17194332461633843,0.705129032816215
sub-074,FTD,sub-080,3,0.532611,98,False,,,-10.13850679441156,-10.104001546657027,,,,,,-10.376438610812,-10.338052436293783,,,
sub-075,FTD,,6,0.266308,114,True,-12.31749273960903,-11.536263360386773,-11.563489913430459,,0.7812293792222569,0.2573650881834073,,-11.895859834038768,-11.605695657258202,-11.605351207452792,,0.29016417678056605,0.16644244430069718,
sub-076,FTD,sub-082,4,0.358621,189,True,-11.547552272257864,-10.838340180091524,-10.977504820225288,-10.795829681425447,0.7092120921663394,0.2704668880313902,0.7517225908324168,-11.446088931443283,-11.02502470479871,-11.137674965226166,-11.002026785403908,0.42106422664457277,0.19700227111249116,0.444062146039375
sub-077,FTD,sub-085,21,0.087203,17,False,,,-11.87081952817703,-11.899847591512113,,,,,,-11.67886426046335,-11.716058737798265,,,
sub-078,FTD,,16,0.104971,183,True,-11.495034670886037,-11.304248974872253,-11.33663059919161,,0.19078569601378348,0.03245929971204656,,-11.462306965515708,-11.35122046753201,-11.382152539218772,,0.11108649798369896,0.02147029941143755,
sub-079,FTD,,0,inf,0,False,,,,,,,,,,,,,,
sub-080,FTD,,0,inf,0,False,,,,,,,,,,,,,,
sub-081,FTD,,0,inf,0,False,,,,,,,,,,,,,,
sub-082,FTD,,0,inf,0,False,,,,,,,,,,,,,,
sub-083,FTD,,0,inf,0,False,,,,,,,,,,,,,,
sub-084,FTD,,0,inf,0,False,,,,,,,,,,,,,,
sub-085,FTD,,0,inf,0,False,,,,,,,,,,,,,,
sub-087,FTD,,0,inf,0,False,,,,,,,,,,,,,,
sub-088,FTD,,0,inf,0,False,,,,,,,,,,,,,,
