participant_id,group,p_AD_mean,called_AD_fraction
sub-001,AD,0.961088436635792,1.0
sub-002,AD,0.41104432551855696,0.2
sub-003,AD,0.5765848004399812,0.7
sub-004,AD,0.9637788966144953,1.0
sub-005,AD,0.8417409107917508,1.0
sub-006,AD,0.08794430013560131,0.0
sub-007,AD,0.8566932213787188,1.0
sub-008,AD,0.8175468352892992,1.0
sub-009,AD,0.5971202908902543,0.5
sub-010,AD,0.08255783523810074,0.0
sub-011,AD,0.8507958817273596,1.0
sub-012,AD,0.21815208126830826,0.1
sub-013,AD,0.8455596861146338,1.0
sub-014,AD,0.8667090409745886,1.0
sub-015,AD,0.31263394919037485,0.1
sub-016,AD,0.8556169388249468,1.0
sub-017,AD,0.8449617800280839,1.0
sub-018,AD,0.9271378114143405,1.0
sub-019,AD,0.29224928186135724,0.0
sub-020,AD,0.6754512927618384,0.9
sub-021,AD,0.6097810448963517,0.7
sub-022,AD,0.8410897382543701,1.0
sub-023,AD,0.7691694984760155,1.0
sub-024,AD,0.920262824548803,1.0
sub-025,AD,0.1311235653718424,0.0
sub-026,AD,0.9359740346800749,1.0
sub-027,AD,0.8833639802838379,1.0
sub-028,AD,0.8375145490192452,1.0
sub-029,AD,0.9223963026111355,1.0
sub-030,AD,0.9076816601501839,1.0
sub-031,AD,0.5051287826202937,0.3
sub-032,AD,0.868061197707782,1.0
sub-033,AD,0.5552519505096205,0.6
sub-034,AD,0.9335148261020775,1.0
sub-035,AD,0.8878692656391456,1.0
sub-036,AD,0.3609390927965299,0.1
sub-037,CN,0.5482618858530353,0.7
sub-038,CN,0.30497351456214183,0.1
sub-039,CN,0.15932245898689085,0.0
sub-040,CN,0.3487628184364421,0.0
sub-041,CN,0.11103686863251347,0.0
sub-042,CN,0.17006887154683706,0.0
sub-043,CN,0.5803680541555207,0.8
sub-044,CN,0.19688024247093455,0.0
sub-045,CN,0.5633501123047185,0.9
sub-046,CN,0.4650349137277468,0.2
sub-047,CN,0.15604059262482337,0.0
sub-048,CN,0.22431220893184567,0.0
sub-049,CN,0.26430609131187477,0.0
sub-050,CN,0.7051293673056467,0.9
sub-051,CN,0.2287263066874595,0.0
sub-052,CN,0.27235632762672574,0.0
sub-053,CN,0.5696903516599898,0.7
sub-054,CN,0.2291625111275887,0.1
sub-055,CN,0.1283378023469554,0.0
sub-056,CN,0.4114743104797441,0.3
sub-057,CN,0.36176869402058837,0.2
sub-058,CN,0.12262176907518174,0.0
sub-059,CN,0.4152707964540481,0.1
sub-060,CN,0.46515170776516357,0.5
sub-061,CN,0.2612681903576444,0.0
sub-062,CN,0.2667226006757767,0.1
sub-063,CN,0.40553799631570797,0.2
sub-064,CN,0.15840437250694117,0.0
sub-065,CN,0.20541404253963647,0.1
