participant_id,group,epochs_L0_raw,epochs_L1_filtered,epochs_L2_car,epochs_L2r_reject,epochs_L3_full
sub-001,AD,288,288,288,270,285
sub-002,AD,385,385,385,337,379
sub-003,AD,142,142,142,140,140
sub-004,AD,342,342,342,283,325
sub-005,AD,391,391,391,308,339
sub-006,AD,307,307,307,289,305
sub-007,AD,373,373,373,339,371
sub-008,AD,388,388,388,307,312
sub-009,AD,295,295,295,275,295
sub-010,AD,634,634,634,632,632
sub-011,AD,374,374,374,289,311
sub-012,AD,438,438,438,357,365
sub-013,AD,409,409,409,362,373
sub-014,AD,461,461,461,293,416
sub-015,AD,444,444,444,414,427
sub-016,AD,481,481,481,397,397
sub-017,AD,412,412,412,331,372
sub-018,AD,412,412,412,399,406
sub-019,AD,449,449,449,410,428
sub-020,AD,423,423,423,361,407
sub-021,AD,450,450,450,417,431
sub-022,AD,400,400,400,319,323
sub-023,AD,420,420,420,327,353
sub-024,AD,372,372,372,335,369
sub-025,AD,338,338,338,295,302
sub-026,AD,447,447,447,174,240
sub-027,AD,404,404,404,312,316
sub-028,AD,402,402,402,342,389
sub-029,AD,359,359,359,303,305
sub-030,AD,267,267,267,79,151
sub-031,AD,567,567,567,470,512
sub-032,AD,416,416,416,355,401
sub-033,AD,342,342,342,328,342
sub-034,AD,474,474,474,424,428
sub-035,AD,367,367,367,357,359
sub-036,AD,415,415,415,360,392
sub-037,CN,377,377,377,354,357
sub-038,CN,436,436,436,396,401
sub-039,CN,417,417,417,396,399
sub-040,CN,497,497,497,454,454
sub-041,CN,432,432,432,370,382
sub-042,CN,476,476,476,396,416
sub-043,CN,403,403,403,387,397
sub-044,CN,429,429,429,397,429
sub-045,CN,420,420,420,358,376
sub-046,CN,368,368,368,322,322
sub-047,CN,393,393,393,361,371
sub-048,CN,495,495,495,348,350
sub-049,CN,381,381,381,376,379
sub-050,CN,402,402,402,329,358
sub-051,CN,382,382,382,313,334
sub-052,CN,369,369,369,349,360
sub-053,CN,388,388,388,313,318
sub-054,CN,410,410,410,378,394
sub-055,CN,401,401,401,387,401
sub-056,CN,431,431,431,416,427
sub-057,CN,387,387,387,371,387
sub-058,CN,370,370,370,351,351
sub-059,CN,383,383,383,371,383
sub-060,CN,364,364,364,313,355
sub-061,CN,392,392,392,337,356
sub-062,CN,445,445,445,405,409
sub-063,CN,393,393,393,385,387
sub-064,CN,413,413,413,302,356
sub-065,CN,431,431,431,348,407
sub-066,FTD,264,264,264,208,251
sub-067,FTD,310,310,310,185,227
sub-068,FTD,276,276,276,266,268
sub-069,FTD,307,307,307,276,303
sub-070,FTD,228,228,228,204,228
sub-071,FTD,300,300,300,290,300
sub-072,FTD,319,319,319,260,309
sub-073,FTD,417,417,417,394,410
sub-074,FTD,502,502,502,426,426
sub-075,FTD,364,364,364,244,327
sub-076,FTD,398,398,398,330,364
sub-077,FTD,341,341,341,291,314
sub-078,FTD,426,426,426,398,408
sub-079,FTD,401,401,401,370,381
sub-080,FTD,454,454,454,390,414
sub-081,FTD,403,403,403,371,395
sub-082,FTD,377,377,377,350,364
sub-083,FTD,445,445,445,407,427
sub-084,FTD,315,315,315,289,299
sub-085,FTD,272,272,272,168,190
sub-087,FTD,292,292,292,165,286
sub-088,FTD,386,386,386,354,380
