feature,region,AD_median,CN_median,direction,p,AUC,AUC_day2
rel_delta,all 19,0.4403944636894834,0.30890449541078613,AD higher,0.003932835467148362,0.7097701149425287,0.614
rel_theta,all 19,0.18454451324013094,0.0764008789105594,AD higher,1.0132457789565337e-05,0.8208812260536399,0.804
rel_alpha,all 19,0.11738887122853603,0.35345664015416145,AD lower,2.0814856636798583e-05,0.8093869731800767,0.756
rel_beta,all 19,0.08572821629336298,0.1289706409621228,AD lower,6.551011168164084e-05,0.7902298850574713,0.693
rel_gamma,all 19,0.06150007136110515,0.07115090699404848,AD lower,0.3453890695593397,0.5689655172413793,0.533
TAR,all 19,1.7775535394431319,0.2750573407875372,AD higher,2.944672759123743e-07,0.8726053639846744,0.824
slow_fast,all 19,4.102225770007225,0.9475047560192639,AD higher,1.5465643678657462e-05,0.814176245210728,0.715
rel_delta,posterior 7,0.4513015198648901,0.2494736252605287,AD higher,0.0010402693907476963,0.7385057471264368,0.614
rel_theta,posterior 7,0.18984946661992927,0.06936064601608909,AD higher,6.1868375802057775e-06,0.828544061302682,0.804
rel_alpha,posterior 7,0.15353418453041184,0.4771862371721051,AD lower,1.3716976812486729e-05,0.8160919540229885,0.756
rel_beta,posterior 7,0.0729766697031026,0.11834683241376677,AD lower,0.00033976257580737744,0.7605363984674329,0.693
rel_gamma,posterior 7,0.03803981658772573,0.04071385738102502,AD lower,0.7166707652748262,0.5268199233716475,0.533
TAR,posterior 7,1.5359252780172867,0.1830661320831705,AD higher,3.386490891405198e-07,0.8706896551724138,0.824
slow_fast,posterior 7,2.886180692964807,0.6328664886970572,AD higher,1.1443265259120257e-05,0.8189655172413793,0.715
