participant_id,group,rel_delta,rel_theta,rel_alpha,rel_beta,rel_gamma,TAR,slow_fast,IAF
sub-001,AD,0.6194999789554364,0.18816593311802388,0.054011299930062165,0.04614654929008701,0.06607454501016301,3.6478340803031415,10.641487318620387,6.25
sub-002,AD,0.33046209508087004,0.12166694871301147,0.37007288982637343,0.08831667113853107,0.05008220462417455,0.35245012559114763,1.3741516573662764,8.5
sub-003,AD,0.29914377184089347,0.22493967552562874,0.38181980030682544,0.03183891457638522,0.018212166195106006,0.6245600996983626,1.342422928366761,8.75
sub-004,AD,0.6672607996905138,0.1435751907082221,0.0341512629692749,0.054572086271841375,0.08350009371005214,4.2943582119628445,13.971622533184012,6.75
sub-005,AD,0.7777179823521785,0.07275115237367696,0.04771782961178622,0.04797768546714862,0.04157849701591304,1.7603206330265821,14.635331180610335,6.0
sub-006,AD,0.2895219727813368,0.03951468080791015,0.48270842895537885,0.10439763339444591,0.06992503222087111,0.0967549866059899,0.6837474207326901,11.25
sub-007,AD,0.6226640206175879,0.1983768282141229,0.06051180688242031,0.041466244952135765,0.04626232788670673,3.580608196370373,10.865052278829015,6.0
sub-008,AD,0.8408909052760012,0.07920390868028897,0.026666494046754013,0.020148205602681234,0.018776439481506257,3.0092202569174966,25.52102512038486,7.0
sub-009,AD,0.3339374452192365,0.13227215927717365,0.3348142669883041,0.11259939556292778,0.05814443807193337,0.4390824533171143,1.4432421940501239,11.0
sub-010,AD,0.4763449951426444,0.0564817486057592,0.2121869103401488,0.14529492392889662,0.09104423660401707,0.32499705182158073,2.4008860040487114,11.0
sub-011,AD,0.7842116243145134,0.09720840528550596,0.05601079317466715,0.024502979989927853,0.023940649304844814,2.0100480267892658,27.304531589280852,6.5
sub-012,AD,0.8683151334145678,0.06552334737938914,0.02430182680240245,0.013841431200308507,0.014339967033674052,2.8063747651972593,30.269529981269244,6.0
sub-013,AD,0.8802765100612934,0.06045768247377947,0.02411514592592511,0.014870959583261423,0.011153082379966052,2.9931719749239996,68.16898556153113,6.0
sub-014,AD,0.7820351874313973,0.07850722146227325,0.0349371527797853,0.03975657279945186,0.04917425245844079,2.3461782705173966,17.694924091054368,6.0
sub-015,AD,0.40455362255094335,0.09098633174206454,0.3540848728961709,0.06919782200387255,0.05495860484985526,0.3068207060335271,2.4062849212672055,9.0
sub-016,AD,0.8651071738019486,0.06847094810791769,0.02133086242894976,0.02034192585524034,0.014505512364820105,3.1815941952098954,26.914173626290225,8.0
sub-017,AD,0.8487382205169225,0.08855688852915822,0.02838829199312189,0.014765264581273503,0.009292043650777872,3.021507302541472,39.32550554261567,6.0
sub-018,AD,0.375445089213113,0.2590041661349852,0.16854392104811147,0.11081853309935982,0.050285267591648884,1.7015739737564957,2.79352744544716,6.5
sub-019,AD,0.5664251059502284,0.04003707438890469,0.12629064518519056,0.11072969289115901,0.14552339572170972,0.3896192047449716,4.697753614230491,9.75
sub-020,AD,0.7785751064939264,0.07718553581541007,0.04723553130066537,0.03557921682422554,0.04768251473047025,1.8644647313472198,14.263354949218813,6.0
sub-021,AD,0.5718824061312038,0.08790030533368204,0.09799769826776139,0.09040012717141037,0.13148578580992495,1.0128128486794314,4.54652311514931,8.75
sub-022,AD,0.7311874837886844,0.1109977631610436,0.06837426464205931,0.038337215573625634,0.03377005809240843,1.7321749550675098,14.558653807640624,6.0
sub-023,AD,0.6775237075383094,0.1381212247881578,0.07232755915987497,0.04330567060250085,0.04075745564185652,2.0354784076986534,8.812069989914336,6.0
sub-024,AD,0.5493586565551221,0.2702837335909391,0.08792717201430551,0.04438585001438522,0.016199701743061495,3.182553614587556,7.902598902982465,7.25
sub-025,AD,0.4706411334221435,0.0316825727781798,0.2777674727958511,0.07330520862650655,0.13724298598683235,0.1566407475562238,3.511284965661966,9.25
sub-026,AD,0.5623777833661604,0.10855428784585293,0.04165811165826715,0.07527124575688432,0.1947093592631796,2.6989035249559747,9.149656869648327,6.0
sub-027,AD,0.6798855563500389,0.18992441612799987,0.02994476599190255,0.03286106510101672,0.04152676099670814,6.965832555528628,17.853055800775675,6.0
sub-028,AD,0.6532876490928972,0.21355548412172354,0.0603556104812434,0.03608279737289065,0.015597862317064483,3.6289273257286148,12.999459849936132,6.75
sub-029,AD,0.819684239610082,0.09992485759958335,0.03039511163370845,0.019360055890383386,0.01775919516218659,3.689485740432323,25.723809994587505,6.25
sub-030,AD,0.8099950131223999,0.0958101915884513,0.032723442277053816,0.02353311309266106,0.02373307144661791,3.0225347231539277,18.13064656713625,6.5
sub-031,AD,0.5276529914540556,0.08440027204493704,0.21159102320348472,0.0729603278494923,0.08205613691390179,0.5148480870450822,3.359141531344634,8.75
sub-032,AD,0.5410800630421531,0.2109727459340665,0.12097089498190448,0.07905013873188108,0.020828538018035248,1.9462448340025922,7.578180576172761,6.5
sub-033,AD,0.3533545140267426,0.09527706745856776,0.19419937672534116,0.17178558849883951,0.16131733801620557,0.584508257386975,1.6219864891667566,9.75
sub-034,AD,0.8338312603804221,0.08074723474943124,0.031093338727261798,0.0218790864181,0.018181638645030977,2.645344432248328,18.079480011749382,6.5
sub-035,AD,0.7090201556104254,0.11792088263996109,0.05772464009745081,0.04588226837855049,0.053540351430415564,2.0877653334373574,9.986575780858525,7.0
sub-036,AD,0.367129779413716,0.0904371739269942,0.28884465617252414,0.18157449980549356,0.04155935974194158,0.3409918367003797,1.8073751034328418,11.75
sub-037,CN,0.4151148691461913,0.0834835380329673,0.35721156616244587,0.0631895093151508,0.026091860916405384,0.27580959469481336,2.490133579606867,8.25
sub-038,CN,0.8515476838508206,0.027678726764020122,0.04974185069296066,0.04269465921926178,0.022115104519591765,0.7602978089992825,37.95047144981232,10.0
sub-039,CN,0.496210673925817,0.04511547774116811,0.35184790907310615,0.05163428844565682,0.034643351374013316,0.16218732453956822,6.949745483671728,9.0
sub-040,CN,0.7493212531192682,0.0619823159898531,0.11579720392882,0.03426572002537885,0.024915319639549748,0.593515682802232,7.335233952873961,8.75
sub-041,CN,0.34628325393453585,0.03727723929796387,0.2493375209739624,0.17585211953081395,0.1766971464158142,0.19944986998661124,1.2534006480353128,10.75
sub-042,CN,0.8026129715571714,0.021941560413054156,0.1158892101260338,0.03973733365259433,0.014010408149897758,0.25006510696230055,9.284965224653705,9.5
sub-043,CN,0.6724403262431102,0.06870234642936683,0.08628154186131354,0.09186383244103606,0.06564127222184107,0.9463237740689154,8.40866305621146,9.0
sub-044,CN,0.3553536780388896,0.05922415772379612,0.45582323898281574,0.09347112148130202,0.02337540039736098,0.1464696553080448,0.960410441159194,11.0
sub-045,CN,0.7170343417435433,0.11591852897463291,0.060482896813894065,0.05042272206965436,0.03089941548932728,2.07980006527819,8.137984812773702,6.25
sub-046,CN,0.545671620145043,0.08259831671065566,0.22220487703422415,0.09704688400735118,0.033659866575867434,0.4702235128997812,5.535231812561561,9.5
sub-047,CN,0.4947309820187114,0.09875614139368429,0.25457802013299113,0.0792335234233066,0.047831138019533155,0.6449867117245917,5.458766558437088,8.0
sub-048,CN,0.7507180807736196,0.05885105799903525,0.07771223993088322,0.04385921472977113,0.05669573576412925,1.2408942381217827,11.569806139638366,9.75
sub-049,CN,0.3619162226560042,0.05757792792004811,0.40112026809826856,0.1108445680774341,0.05342710758764711,0.17016185705408432,1.068056599611825,10.0
sub-050,CN,0.6600242321211337,0.0620615547336096,0.12688281160750067,0.05141565078750417,0.06687395877788285,0.5628347048934359,6.859460391751342,8.0
sub-051,CN,0.8512669614976981,0.01785603206903645,0.06667544665066787,0.02770394162901915,0.03146773581145934,0.347980873807129,17.037518619003144,10.25
sub-052,CN,0.4092635827777123,0.07183862618318128,0.2911164714890345,0.13154816371286673,0.07734586168234076,0.28317599567202995,1.502523269393414,10.0
sub-053,CN,0.6931823358200997,0.0956343570515001,0.10846809412474236,0.03415088527588659,0.02777610502695515,1.046023461991553,6.80868263813755,6.5
sub-054,CN,0.38647201500945316,0.09804775439894424,0.3504985122540299,0.10683344334246347,0.03828849371632877,0.32312992348919994,1.4562892391585607,10.0
sub-055,CN,0.38049032892145734,0.0434336312801802,0.28027003523905647,0.20330535306497213,0.07445590129063304,0.19353017400741432,1.1196629974808945,11.0
sub-056,CN,0.2806227617890292,0.06280590753215627,0.5426023491382018,0.07225775612001954,0.019946829676582317,0.1257608494521972,0.76082857057045,8.75
sub-057,CN,0.4248160813683735,0.09773917021484274,0.28948470956873823,0.11686252463187903,0.04919939750868513,0.38657290834042296,1.8321775306104267,11.0
sub-058,CN,0.3070136322673392,0.049865206902104824,0.34420627255933456,0.16015877441679935,0.11729246450643996,0.16145402414782092,0.9267365958402946,9.25
sub-059,CN,0.4190929572078078,0.07314112849387823,0.18018818590370572,0.18910924201955695,0.11671278309149842,0.48318370400206223,1.67827719499349,9.75
sub-060,CN,0.6635658947346296,0.04416466050468211,0.06384149130021784,0.15290608778355824,0.06138611600996641,0.8271914060521478,5.9677145431128995,11.5
sub-061,CN,0.7652541438439047,0.032276896797548006,0.1315568367198329,0.023846090782666713,0.0394897065376953,0.4801035292644069,14.469993000491002,10.0
sub-062,CN,0.5443754857649589,0.04751773841641381,0.32769800908795377,0.050779886532449484,0.01755527204380735,0.19872716247515507,2.3077548255018923,9.0
sub-063,CN,0.4666370978810452,0.07492318905172086,0.20744686729967957,0.1393873781250636,0.09273385218217385,0.443095262036069,1.9773341118687366,10.0
sub-064,CN,0.349462609863271,0.049699608024127866,0.459795501377484,0.0941712316600048,0.02878262062161112,0.1326617811428743,1.224854931172478,9.5
sub-065,CN,0.6082646983768027,0.048239656305784306,0.12741238012283085,0.10673517309933599,0.09516389239312356,0.6320829350565366,4.59189889259684,10.5
sub-066,FTD,0.6551478100956182,0.1658428373257599,0.09654923707334777,0.03184219122234584,0.023581713733951036,1.8162733847418244,8.378557995955756,7.25
sub-067,FTD,0.4873616992737565,0.03960030083059973,0.09982989904393652,0.17230189485310962,0.18440765806939288,0.6010218263732198,3.808213106984237,11.75
sub-068,FTD,0.5144193422503202,0.062356368584512815,0.2607823234423402,0.07726154465525052,0.0646930760333031,0.2893083345811796,2.814637266250066,8.75
sub-069,FTD,0.38031680813354607,0.3363486685330662,0.16200438327899946,0.05228535255245643,0.025720489117701542,2.1430960143823277,3.9451423472921987,7.0
sub-070,FTD,0.5413799755726295,0.10001584497544524,0.12009017927292578,0.12672734392192297,0.09046387651560672,1.0148146042340158,3.64128352122969,9.0
sub-071,FTD,0.35063278323541847,0.07765154522025791,0.31693746426621056,0.14738402384118388,0.08760383763593091,0.28137793298664093,1.2951769281085443,9.25
sub-072,FTD,0.7486151002527924,0.14055358246874708,0.04117184022132733,0.030843091538749604,0.02031048171686148,3.6493857671462475,15.960659027087098,6.75
sub-073,FTD,0.6110061603938867,0.08898846263199128,0.1889922983630991,0.04757935394832476,0.044321804255942135,0.5790233507709209,4.839694286349489,9.5
sub-074,FTD,0.7526635393871045,0.10419184426368172,0.051595636966345296,0.04282550872535737,0.032678854802806356,2.398673767546223,13.683980328317363,6.0
sub-075,FTD,0.4534909323546886,0.0877798033812417,0.22873074021715056,0.11298978282765348,0.09709867123144093,0.6207277502066905,3.0600846982331027,10.75
sub-076,FTD,0.7225279675626638,0.09734593905959833,0.06425384046222307,0.04446779450998453,0.05446958602930529,2.000864849961726,10.78147158985918,9.5
sub-077,FTD,0.6526331851746044,0.05057736613652485,0.05861318651117783,0.08841655476840644,0.13779345073998303,1.2816031398753078,8.14596776629569,10.25
sub-078,FTD,0.6766430549485649,0.05715598033272303,0.06443737606034258,0.10406192392104123,0.08400953146483808,0.971749707739816,5.634248408070002,6.0
sub-079,FTD,0.45893220798300594,0.05473328811765152,0.20773165590359183,0.13287057052008092,0.13241229117752423,0.3739002153453977,2.4347948017899763,10.25
sub-080,FTD,0.4815355580835934,0.04156513526267059,0.33759047103735307,0.08755255489607286,0.0417344040193802,0.2166167422506077,2.6648264654579292,9.75
sub-081,FTD,0.6802278998906406,0.1287255638929254,0.10996250485874048,0.037136944363637334,0.02067285038312787,1.5209129638618322,9.158312772119622,8.0
sub-082,FTD,0.4317250726080436,0.079013442385758,0.28756911466931356,0.09145735702879274,0.09202279205741976,0.3519864456655737,3.267641218053316,9.25
sub-083,FTD,0.7903735170978449,0.048612296410949794,0.03938484048167662,0.043375318154591634,0.06709014713547357,1.4466662362426719,19.367104703571773,6.25
sub-084,FTD,0.6343532510433317,0.18574533015401914,0.05438406925076794,0.05645838113510399,0.05088365985650311,3.8586674808321826,8.76887996784672,6.25
sub-085,FTD,0.7259190651673137,0.09915483484233514,0.042832329298060905,0.04129630293785377,0.07320932415067442,2.398328665319203,11.599561973225798,8.75
sub-086,FTD,0.8891079962714362,0.006673875173712771,0.012333447511076135,0.02977612806951693,0.05965637523864791,0.6841887929663487,60.35130699064738,10.0
sub-087,FTD,0.7958231342401401,0.07764704329436037,0.060719072017580665,0.035556610187792714,0.01556280702722294,1.9207975276975047,19.784718504335622,6.0
sub-088,FTD,0.4477026817502966,0.12432423342192304,0.2448130083604847,0.10656593583923182,0.05575599292898468,0.6364907549815778,2.576977588305739,9.75
