subject,best_match,own_rank,sim_own,sim_best,offset
sub-001,sub-012,64,-0.5886667600049279,0.7598307550193254,11
sub-002,sub-013,50,-0.3031276659617307,0.8535406791991387,11
sub-003,sub-014,33,-0.04834172406758701,0.7738530843190082,11
sub-004,sub-015,60,-0.27614622527185617,0.8722831166417994,11
sub-005,sub-045,27,0.03961703020299515,0.6592716257866782,40
sub-006,sub-017,57,-0.43906766064870917,0.9199637171447188,11
sub-007,sub-018,10,0.3120600641909875,0.9061825688361508,11
sub-008,sub-063,58,-0.32939470722226266,0.6425605031392402,55
sub-009,sub-020,26,-0.001168962700839284,0.8297209893448648,11
sub-010,sub-021,43,-0.20107203013396202,0.8271043379789412,11
sub-012,sub-004,39,-0.060291340039709186,0.38359504045826137,-8
sub-013,sub-028,9,0.6425336858870939,0.9295277973335052,15
sub-014,sub-025,56,-0.229850913414257,0.7436251985876748,11
sub-015,sub-020,35,-0.15782002471811662,0.6779020424709687,5
sub-016,sub-017,3,0.7832849760448619,0.8920842361170667,1
sub-017,sub-028,3,0.7370422723457708,0.9242853677279665,11
sub-018,sub-072,15,0.5569904708673673,0.7917700109601361,54
sub-019,sub-028,50,-0.36577759733401854,0.7871089863871781,9
sub-020,sub-068,23,0.0971405624616528,0.5156152579299205,48
sub-021,sub-028,54,-0.3511030257763124,0.7057085971128024,7
sub-022,sub-007,14,0.44132603789936553,0.6736616375865413,-15
sub-025,sub-008,45,-0.2998397406497964,0.9229065424558502,-17
sub-028,sub-050,20,0.11081659891995878,0.4910871064084786,22
sub-035,sub-005,14,0.327706600536441,0.8619552191228718,-30
sub-037,sub-037,1,0.8632326212275224,0.8632326212275224,0
sub-038,sub-044,16,0.2674436646829114,0.9460576154524845,6
sub-039,sub-045,64,-0.3099443202558618,0.5480611203226556,6
sub-040,sub-046,39,0.03932214626113365,0.8076924517961845,6
sub-041,sub-047,23,0.22114308418495124,0.9444586039340828,6
sub-042,sub-048,2,0.6412129095430507,0.7834063179690806,6
sub-043,sub-049,38,-0.00463647815514426,0.8466892389238698,6
sub-044,sub-050,61,-0.19013879835890526,0.8175612663448729,6
sub-045,sub-051,44,-0.07879875858228069,0.9077746788580221,6
sub-046,sub-072,27,0.03412871367454862,0.6882148135355188,26
sub-047,sub-053,3,0.4825628853518436,0.6352785608288263,6
sub-048,sub-054,8,0.46121058443643626,0.7360546705720974,6
sub-049,sub-055,21,0.2888340456222228,0.9447941551264116,6
sub-050,sub-056,31,0.08519300655187735,0.9345036318868502,6
sub-051,sub-057,34,0.012782444460661046,0.8962485089980745,6
sub-052,sub-058,8,0.4587379010649574,0.8943311245392688,6
sub-053,sub-059,40,-0.047752184923590534,0.7510195854925524,6
sub-054,sub-060,34,-0.04997012957801506,0.9104542888928182,6
sub-055,sub-061,41,-0.0612332152413917,0.8181108654930024,6
sub-056,sub-063,35,-0.024181925569228303,0.8354373831413073,7
sub-057,sub-039,51,-0.22074440374797566,0.6320543541033891,-18
sub-058,sub-040,44,-0.03785275629867916,0.8043787396575452,-18
sub-059,sub-041,6,0.5840843208418711,0.9093449682046568,-18
sub-060,sub-042,17,0.3676945945375396,0.8212186430237323,-18
sub-061,sub-043,53,-0.17144441065229896,0.9034143833004603,-18
sub-062,sub-062,1,0.7529082174260222,0.7529082174260222,0
sub-063,sub-064,27,0.163830760898029,0.9496059333451896,1
sub-064,sub-072,23,0.08686609949987215,0.6821153664309204,8
sub-065,sub-056,45,-0.13244881284195267,0.8792298991022711,-9
sub-066,sub-004,18,0.08494711304052499,0.3268123479734676,-62
sub-067,sub-073,66,-0.7377523073295933,0.8529688218331113,6
sub-068,sub-074,37,-0.03164746184974787,0.4841771727562948,6
sub-069,sub-075,61,-0.43653576307337416,0.8352463740815502,6
sub-070,sub-076,18,0.2549062427067773,0.9308861319289986,6
sub-071,sub-077,22,0.14966810203826783,0.9292945985768611,6
sub-072,sub-078,56,-0.29725370897034276,0.9007602062309241,6
sub-073,sub-075,62,-0.3758585979630911,0.6943313441547071,2
sub-074,sub-042,46,-0.11167149306317957,0.6798094741881163,-32
sub-075,sub-016,27,0.04811009407313866,0.5074831333237347,-59
sub-076,sub-068,38,-0.029804134620013828,0.47465787224313727,-8
sub-077,sub-022,2,0.5375179145444068,0.589666891645242,-55
sub-078,sub-076,11,0.42509326809963227,0.9232983683415577,-2
