participant_id,group,base_max_rel_diff,base_same_epochs,made_base,made_E2,made_R100,made_R200,kept_base,kept_E2,kept_R100,kept_R200
sub-001,AD,1.1857729189273479e-09,True,288,578,288,288,285,574,272,286
sub-002,AD,7.482075536497319e-10,True,385,772,385,385,379,765,373,381
sub-003,AD,3.3851690310945236e-09,True,142,286,142,142,140,284,138,142
sub-004,AD,1.0717878381299795e-09,True,342,686,342,342,325,668,310,334
sub-005,AD,4.849649870804627e-09,True,391,783,391,391,339,714,309,354
sub-006,AD,1.0137634796746494e-09,True,307,616,307,307,305,614,289,307
sub-007,AD,6.882155424716057e-10,True,373,748,373,373,371,746,358,373
sub-008,AD,3.1168019270742865e-09,True,388,778,388,388,312,671,191,331
sub-009,AD,1.5563091200939406e-09,True,295,592,295,295,295,592,289,295
sub-010,AD,4.890601479486871e-09,True,634,1270,634,634,632,1268,632,632
sub-011,AD,4.379798316407328e-09,True,374,750,374,374,311,663,279,326
sub-012,AD,1.020054679511651e-09,True,438,877,438,438,365,765,316,383
sub-013,AD,8.892073257469554e-09,True,409,819,409,409,373,764,361,379
sub-014,AD,1.045310278758968e-08,True,461,924,461,461,416,871,363,434
sub-015,AD,1.2295310872453787e-08,True,444,889,444,444,427,870,420,434
sub-016,AD,2.039954261145354e-09,True,481,964,481,481,397,834,377,409
sub-017,AD,1.3574223174222664e-09,True,412,826,412,412,372,776,289,385
sub-018,AD,1.0285485483685274e-08,True,412,826,412,412,406,817,395,406
sub-019,AD,2.3659234156361358e-08,True,449,899,449,449,428,877,405,443
sub-020,AD,2.3265066194073345e-09,True,423,848,423,423,407,832,379,415
sub-021,AD,4.614139400146886e-09,True,450,902,450,450,431,881,408,432
sub-022,AD,1.5599121530638603e-09,True,400,802,400,400,323,705,259,343
sub-023,AD,1.0778700067512776e-08,True,420,841,420,420,353,741,327,370
sub-024,AD,9.014501063004346e-10,True,372,746,372,372,369,743,347,370
sub-025,AD,2.064975219632586e-09,True,338,677,338,338,302,629,271,315
sub-026,AD,1.6996607774224714e-09,True,447,896,447,447,240,613,144,309
sub-027,AD,1.8734888879534916e-09,True,404,809,404,404,316,695,138,368
sub-028,AD,9.479959677946675e-10,True,402,805,402,402,389,790,383,394
sub-029,AD,1.570133077887016e-09,True,359,719,359,359,305,651,125,336
sub-030,AD,1.7369499054730116e-09,True,267,536,267,267,151,385,5,228
sub-031,AD,1.6108590612082945e-09,True,567,1135,567,567,512,1064,487,523
sub-032,AD,1.3323570620378571e-09,True,416,833,416,416,401,816,348,414
sub-033,AD,7.849717225204564e-09,True,342,686,342,342,342,686,334,342
sub-034,AD,6.051270878476324e-10,True,474,949,474,474,428,891,399,445
sub-035,AD,1.1515963870336748e-09,True,367,736,367,367,359,723,343,361
sub-036,AD,1.5070395179185434e-09,True,415,832,415,415,392,804,357,397
sub-037,CN,5.1112924211539604e-09,True,377,756,377,377,357,730,350,363
sub-038,CN,1.2620092138814288e-08,True,436,873,436,436,401,825,388,409
sub-039,CN,2.524256482270232e-09,True,417,836,417,417,399,809,370,407
sub-040,CN,3.313074694991438e-08,True,497,996,497,497,454,936,369,470
sub-041,CN,1.451587177892808e-09,True,432,866,432,432,382,808,365,404
sub-042,CN,9.334971343351764e-10,True,476,954,476,476,416,876,387,444
sub-043,CN,4.289974091000466e-09,True,403,808,403,403,397,798,392,398
sub-044,CN,9.650001699241808e-10,True,429,860,429,429,429,860,412,429
sub-045,CN,3.5595795409998246e-09,True,420,841,420,420,376,788,283,385
sub-046,CN,9.88104372526432e-10,True,368,737,368,368,322,670,278,332
sub-047,CN,8.295409695660938e-10,True,393,787,393,393,371,753,351,375
sub-048,CN,3.03421667926171e-09,True,495,992,495,495,350,780,286,394
sub-049,CN,2.1035624351596896e-09,True,381,763,381,381,379,761,362,379
sub-050,CN,3.376447484035658e-09,True,402,805,402,402,358,753,314,379
sub-051,CN,2.010585990535488e-08,True,382,766,382,382,334,709,311,356
sub-052,CN,1.4200873340301922e-09,True,369,740,369,369,360,731,352,367
sub-053,CN,6.56538080081368e-09,True,388,778,388,388,318,689,258,345
sub-054,CN,1.4583997577058167e-09,True,410,821,410,410,394,801,373,399
sub-055,CN,1.0115880296648152e-09,True,401,803,401,401,401,803,398,401
sub-056,CN,1.2440526190582248e-09,True,431,864,431,431,427,860,424,429
sub-057,CN,1.934763148474995e-09,True,387,775,387,387,387,775,382,387
sub-058,CN,1.2984765891826169e-09,True,370,741,370,370,351,723,326,362
sub-059,CN,3.1429181257698313e-09,True,383,768,383,383,383,768,378,383
sub-060,CN,3.32811785002589e-09,True,364,730,364,364,355,719,339,360
sub-061,CN,2.2877144915916065e-08,True,392,786,392,392,356,740,327,370
sub-062,CN,8.50916037310119e-08,True,445,891,445,445,409,852,383,422
sub-063,CN,1.5887857196395267e-08,True,393,788,393,393,387,782,385,389
sub-064,CN,6.200869379233846e-10,True,413,828,413,413,356,767,62,405
sub-065,CN,7.369078737946846e-09,True,431,863,431,431,407,839,359,423
sub-066,FTD,2.8115101170496276e-09,True,264,530,264,264,251,516,218,260
sub-067,FTD,8.535937572593002e-10,True,310,622,310,310,227,498,17,266
sub-068,FTD,7.92662784528899e-09,True,276,553,276,276,268,544,249,268
sub-069,FTD,1.2727241503242267e-09,True,307,616,307,307,303,612,214,305
sub-070,FTD,3.7836122233129396e-08,True,228,458,228,228,228,458,222,228
sub-071,FTD,9.935569608318458e-10,True,300,602,300,300,300,602,292,300
sub-072,FTD,1.2442318684074918e-09,True,319,640,319,319,309,629,272,313
sub-073,FTD,4.645889100767093e-09,True,417,836,417,417,410,828,404,413
sub-074,FTD,1.4944619479270178e-09,True,502,1005,502,502,426,888,412,431
sub-075,FTD,1.6204755286594143e-09,True,364,730,364,364,327,689,184,348
sub-076,FTD,4.353038947622241e-09,True,398,797,398,398,364,748,337,371
sub-077,FTD,1.1588845316144284e-07,True,341,683,341,341,314,655,298,331
sub-078,FTD,6.272546167392605e-09,True,426,854,426,426,408,835,401,420
sub-079,FTD,3.6612334971770717e-09,True,401,803,401,401,381,780,325,390
sub-080,FTD,9.930352290245146e-10,True,454,909,454,454,414,856,370,431
sub-081,FTD,2.7631799310142916e-09,True,403,808,403,403,395,800,390,397
sub-082,FTD,1.0296562666950237e-09,True,377,756,377,377,364,743,352,373
sub-083,FTD,1.1701777270713574e-08,True,445,892,445,445,427,868,422,431
sub-084,FTD,1.952231398117802e-09,True,315,631,315,315,299,614,273,311
sub-085,FTD,1.4842877839166951e-09,True,272,545,272,272,190,428,85,229
sub-087,FTD,3.677795460239472e-08,True,292,585,292,292,286,580,278,290
sub-088,FTD,9.66029652287719e-10,True,386,773,386,386,380,765,362,383
