task,seed,auc,auc_sd_repeats,auc_min_repeat,auc_max_repeat
AD_vs_CN,2026,0.8107279693486589,0.02474603464552986,0.7768199233716475,0.8630268199233716
AD_vs_CN,1,0.7983716475095786,0.06324051917375476,0.6944444444444444,0.8898467432950191
AD_vs_CN,2,0.817816091954023,0.03601787306553105,0.7710727969348659,0.882183908045977
AD_vs_CN,3,0.7952107279693488,0.022063111186035197,0.7519157088122606,0.8295019157088123
AD_vs_CN,4,0.8074712643678161,0.01943288069412378,0.7739463601532567,0.8371647509578544
AD_vs_CN,5,0.8188697318007663,0.031772624070823215,0.7404214559386973,0.8687739463601533
AD_vs_CN,6,0.7914750957854406,0.022287565774319677,0.7701149425287356,0.8477011494252874
AD_vs_CN,7,0.8068965517241381,0.03528026270216643,0.7155172413793104,0.842911877394636
AD_vs_CN,8,0.7802681992337164,0.03847237455093894,0.7346743295019157,0.8544061302681992
AD_vs_CN,9,0.7995210727969349,0.027705183248690642,0.7490421455938697,0.8400383141762452
AD_vs_CN,10,0.7952107279693486,0.024393526040362545,0.7480842911877394,0.8409961685823755
AD_vs_CN,11,0.8085249042145595,0.04099896595891639,0.7653256704980843,0.8898467432950191
AD_vs_CN,12,0.8148467432950192,0.042671419375988506,0.7471264367816092,0.8745210727969349
AD_vs_CN,13,0.820977011494253,0.020157999893443194,0.7825670498084292,0.8515325670498084
AD_vs_CN,14,0.8178160919540229,0.03385388665612492,0.7595785440613027,0.8544061302681992
AD_vs_CN,15,0.8018199233716474,0.030831754722675523,0.7490421455938697,0.8419540229885057
AD_vs_CN,16,0.8016283524904215,0.03720731160978811,0.7270114942528736,0.8601532567049809
AD_vs_CN,17,0.8117816091954022,0.03277835998685744,0.7394636015325671,0.853448275862069
AD_vs_CN,18,0.8188697318007663,0.03779934277594893,0.7298850574712644,0.8649425287356322
AD_vs_CN,19,0.8023946360153257,0.027658781980885692,0.7557471264367817,0.8438697318007663
AD_vs_CN,20,0.810344827586207,0.02614433728727239,0.7567049808429118,0.8505747126436781
FTD_vs_CN,2026,0.727742946708464,0.053475847603048035,0.6300940438871473,0.8103448275862069
FTD_vs_CN,1,0.760501567398119,0.021862816017758874,0.7147335423197492,0.7915360501567398
FTD_vs_CN,2,0.7578369905956113,0.038125167087946374,0.6865203761755486,0.822884012539185
FTD_vs_CN,3,0.7429467084639498,0.03846996603546695,0.6394984326018809,0.7931034482758621
FTD_vs_CN,4,0.737460815047022,0.025671378298055148,0.6786833855799373,0.7664576802507836
FTD_vs_CN,5,0.7567398119122257,0.04803403994078257,0.6802507836990596,0.8181818181818182
FTD_vs_CN,6,0.7584639498432602,0.04204864984191962,0.7068965517241379,0.8479623824451411
FTD_vs_CN,7,0.7448275862068965,0.04252706678899467,0.6473354231974922,0.8009404388714734
FTD_vs_CN,8,0.7432601880877744,0.040393890076099344,0.64576802507837,0.7852664576802508
FTD_vs_CN,9,0.7227272727272728,0.04234557437961387,0.6598746081504702,0.7884012539184952
FTD_vs_CN,10,0.7416927899686521,0.04887568574364746,0.6520376175548589,0.8166144200626959
FTD_vs_CN,11,0.7213166144200627,0.03118137555061617,0.6677115987460815,0.7570532915360502
FTD_vs_CN,12,0.7134796238244514,0.050861042538826506,0.6253918495297806,0.780564263322884
FTD_vs_CN,13,0.7152037617554858,0.04292525148720308,0.6426332288401254,0.7836990595611285
FTD_vs_CN,14,0.7556426332288402,0.023157743629399888,0.719435736677116,0.799373040752351
FTD_vs_CN,15,0.7515673981191222,0.04059076961239145,0.6849529780564263,0.8166144200626959
FTD_vs_CN,16,0.7426332288401254,0.05019493060128116,0.6363636363636364,0.799373040752351
FTD_vs_CN,17,0.7462382445141065,0.03197991540080982,0.7021943573667712,0.8009404388714734
FTD_vs_CN,18,0.7438871473354232,0.030947282578518955,0.6818181818181818,0.7884012539184952
FTD_vs_CN,19,0.7742946708463949,0.03035253406118664,0.7225705329153606,0.8213166144200627
FTD_vs_CN,20,0.756896551724138,0.04706085119685252,0.6661442006269592,0.8134796238244514
