task,check,auc,lo,hi,group
AD_vs_CN,Day 8 main result (pooled AUC),0.8107279693486589,0.7168558429118773,0.8960751915708811,0
AD_vs_CN,"20 other seeds (median, range)",0.8071839080459771,0.7802681992337164,0.820977011494253,0
AD_vs_CN,fold-wise AUC (no CI),0.8257619047619046,,,0
AD_vs_CN,2 s epochs,0.8117816091954022,0.7229789272030652,0.8942528735632184,1
AD_vs_CN,reject at 100 uV,0.7933908045977012,0.7008596743295019,0.8819923371647509,1
AD_vs_CN,reject at 200 uV,0.8051724137931036,0.7172365900383142,0.8869851532567049,1
AD_vs_CN,no delta features (80),0.8055555555555556,0.7096599616858237,0.8908117816091954,2
AD_vs_CN,theta/alpha ratios only (7),0.8265325670498085,0.7291163793103448,0.9095977011494252,2
AD_vs_CN,posterior features only (16),0.8282567049808429,0.7313074712643678,0.9141786398467432,2
AD_vs_CN,age + sex regressed out,0.760919540229885,0.6652250957854405,0.8483812260536399,3
AD_vs_CN,"age-matched, Day 8 model (n=50)",0.7891199999999999,0.6699160000000001,0.8912080000000001,3
AD_vs_CN,"age-matched, retrained (n=50)",0.75776,0.6363000000000001,0.8664,3
AD_vs_CN,"age+sex-matched, Day 8 model (n=44)",0.7805785123966943,0.6580371900826446,0.8956611570247934,3
AD_vs_CN,"age+sex-matched, retrained (n=44)",0.7530991735537189,0.6433780991735537,0.8622055785123965,3
FTD_vs_CN,Day 8 main result (pooled AUC),0.727742946708464,0.6017123824451411,0.836065830721003,0
FTD_vs_CN,"20 other seeds (median, range)",0.7443573667711598,0.7134796238244514,0.7742946708463949,0
FTD_vs_CN,fold-wise AUC (no CI),0.7623000000000001,,,0
FTD_vs_CN,2 s epochs,0.7189655172413794,0.5915360501567398,0.8252468652037618,1
FTD_vs_CN,reject at 100 uV,0.7242946708463949,0.5938793103448275,0.840172413793103,1
FTD_vs_CN,reject at 200 uV,0.7501567398119121,0.6264890282131661,0.8548863636363634,1
FTD_vs_CN,no delta features (80),0.742319749216301,0.6126880877742947,0.8544004702194358,2
FTD_vs_CN,theta/alpha ratios only (7),0.7307210031347962,0.5911794670846395,0.8567515673981192,2
FTD_vs_CN,posterior features only (16),0.6976489028213166,0.5618926332288403,0.8167789968652037,2
FTD_vs_CN,age + sex regressed out,0.6992163009404389,0.5681778996865203,0.812703761755486,3
