subject,group,status,n_eo_stretches,n_eo_windows,n_eo,n_ec_near_windows,n_ec_near,n_ec_all_windows,n_ec_all,n_ica_removed,var_eo
sub-001,AD,ok,4,21,21,206,206,402,402,1,0.082757
sub-002,AD,ok,7,59,54,343,337,415,409,1,0.033288
sub-003,AD,ok,2,9,5,85,82,95,92,1,0.308725
sub-004,AD,ok,3,10,8,220,220,395,395,1,0.195494
sub-005,AD,ok,4,15,10,302,250,351,295,1,0.163052
sub-006,AD,ok,4,15,10,305,269,434,398,1,0.163051
sub-007,AD,ok,2,14,8,167,159,461,452,0,0.210813
sub-008,AD,ok,2,5,5,203,203,473,469,1,0.306499
sub-009,AD,ok,3,8,7,162,162,459,459,1,0.214927
sub-010,AD,ok,2,7,7,176,176,272,272,2,0.234931
sub-011,AD,ok,0,0,0,0,0,0,0,1,inf
sub-012,AD,ok,2,8,3,168,168,351,351,1,0.429886
sub-013,AD,ok,2,6,6,117,117,537,522,1,0.266308
sub-014,AD,ok,2,4,4,105,95,656,624,1,0.358621
sub-015,AD,ok,0,0,0,0,0,425,214,1,inf
sub-016,AD,ok,4,30,30,199,199,517,517,1,0.059797
sub-017,AD,ok,2,12,1,158,107,521,471,1,1.0
sub-018,AD,ok,2,6,6,151,143,380,362,1,0.266305
sub-019,AD,ok,2,5,1,138,91,385,259,1,1.0
sub-020,AD,ok,1,3,3,97,91,466,393,1,0.532611
sub-021,AD,ok,1,4,4,81,81,437,437,1,0.419883
sub-022,AD,ok,1,1,1,89,89,232,232,1,1.0
sub-023,AD,ok,0,0,0,0,0,0,0,1,inf
sub-024,AD,ok,0,0,0,0,0,0,0,1,inf
sub-025,AD,ok,1,2,2,46,39,168,139,0,0.717243
sub-026,AD,ok,0,0,0,0,0,0,0,1,inf
sub-027,AD,ok,0,0,0,0,0,0,0,2,inf
sub-028,AD,ok,2,3,0,171,158,527,490,0,inf
sub-029,AD,ok,0,0,0,0,0,0,0,1,inf
sub-030,AD,ok,0,0,0,0,0,17,17,1,inf
sub-031,AD,ok,0,0,0,0,0,0,0,1,inf
sub-032,AD,ok,0,0,0,0,0,0,0,1,inf
sub-033,AD,ok,0,0,0,0,0,0,0,2,inf
sub-034,AD,ok,0,0,0,0,0,0,0,1,inf
sub-035,AD,ok,3,9,7,229,207,506,471,1,0.234931
sub-036,AD,ok,0,0,0,0,0,0,0,1,inf
sub-037,CN,ok,2,2,2,158,158,893,893,1,0.5
sub-038,CN,ok,2,7,7,201,201,394,394,1,0.234931
sub-039,CN,ok,3,9,9,194,194,352,352,1,0.177537
sub-040,CN,ok,2,5,4,128,124,169,165,0,0.358621
sub-041,CN,ok,1,4,4,75,75,407,407,1,0.419883
sub-042,CN,ok,2,7,7,128,128,143,143,1,0.234931
sub-043,CN,ok,2,6,6,161,157,218,214,1,0.266305
sub-044,CN,ok,2,8,7,145,145,724,669,2,0.234934
sub-045,CN,ok,1,1,1,43,29,588,508,1,1.0
sub-046,CN,ok,5,91,91,422,422,645,645,1,0.020565
sub-047,CN,ok,2,6,6,177,177,499,499,1,0.266305
sub-048,CN,ok,2,5,5,141,141,452,452,1,0.306499
sub-049,CN,ok,2,6,6,145,145,569,569,1,0.266308
sub-050,CN,ok,2,8,4,143,143,458,458,1,0.358621
sub-051,CN,ok,2,5,5,120,120,525,520,1,0.306499
sub-052,CN,ok,2,6,6,203,194,639,597,1,0.266308
sub-053,CN,ok,2,7,7,120,120,303,303,1,0.234931
sub-054,CN,ok,2,5,1,129,96,523,394,1,1.0
sub-055,CN,ok,1,2,0,64,54,493,475,1,inf
sub-056,CN,ok,2,5,5,197,197,577,577,1,0.306499
sub-057,CN,ok,1,1,1,109,109,503,503,1,1.0
sub-058,CN,ok,1,1,1,86,86,321,320,0,1.0
sub-059,CN,ok,2,7,7,182,173,351,338,1,0.234931
sub-060,CN,ok,1,2,2,109,109,539,539,1,0.717243
sub-061,CN,ok,6,35,34,458,453,493,488,1,0.051518
sub-062,CN,ok,4,19,19,301,301,449,449,1,0.090433
sub-063,CN,ok,2,8,3,192,180,565,540,1,0.429886
sub-064,CN,ok,5,91,91,381,381,604,604,1,0.020565
sub-065,CN,ok,0,0,0,0,0,369,369,1,inf
sub-066,FTD,ok,2,6,0,90,71,298,179,1,inf
sub-067,FTD,ok,3,11,11,238,238,409,409,1,0.150659
sub-068,FTD,ok,1,3,3,69,69,227,227,2,0.532611
sub-069,FTD,ok,2,7,2,99,79,652,551,1,0.717243
sub-070,FTD,ok,4,16,16,185,185,501,500,1,0.104971
sub-071,FTD,ok,3,28,0,211,196,607,547,1,inf
sub-072,FTD,ok,2,5,0,203,203,399,399,1,inf
sub-073,FTD,ok,2,4,4,144,136,863,782,1,0.362094
sub-074,FTD,ok,1,3,3,101,98,370,363,1,0.532611
sub-075,FTD,ok,2,6,6,114,114,328,328,1,0.266308
sub-076,FTD,ok,2,4,4,189,189,657,618,2,0.358621
sub-077,FTD,ok,2,22,21,42,17,75,50,2,0.087203
sub-078,FTD,ok,4,16,16,185,183,490,488,1,0.104971
sub-079,FTD,ok,0,0,0,0,0,0,0,1,inf
sub-080,FTD,ok,0,0,0,0,0,0,0,1,inf
sub-081,FTD,ok,0,0,0,0,0,0,0,1,inf
sub-082,FTD,ok,0,0,0,0,0,0,0,2,inf
sub-083,FTD,ok,0,0,0,0,0,0,0,2,inf
sub-084,FTD,ok,0,0,0,0,0,0,0,1,inf
sub-085,FTD,ok,0,0,0,0,0,0,0,1,inf
sub-087,FTD,ok,0,0,0,0,0,0,0,1,inf
sub-088,FTD,ok,0,0,0,0,0,91,13,1,inf
