subject,group,dur_s,after_photic_s,n_open_markers,eo_stretches,eo_s,eo_windows,eo_var,ec_near_windows,ec_all_windows,qualifies
sub-001,AD,329.9,243.1,8,4,17.3,21,0.08,206,402,True
sub-002,AD,416.4,296.0,12,7,41.6,59,0.03,343,415,True
sub-003,AD,289.1,230.6,2,2,7.6,9,0.19,85,95,True
sub-004,AD,340.4,222.1,7,3,10.4,10,0.16,220,395,True
sub-005,AD,340.0,232.1,9,4,14.7,15,0.11,302,351,True
sub-006,AD,411.5,275.1,11,4,14.7,15,0.11,305,434,True
sub-007,AD,433.2,312.8,6,2,10.4,14,0.13,167,461,True
sub-008,AD,391.3,272.7,6,2,6.0,5,0.31,203,473,True
sub-009,AD,429.3,304.4,8,3,9.6,8,0.19,162,459,True
sub-010,AD,313.0,194.9,7,2,6.9,7,0.23,176,272,True
sub-011,AD,294.3,177.3,0,0,0.0,0,inf,0,0,False
sub-012,AD,352.7,246.7,7,2,7.7,8,0.21,168,351,True
sub-013,AD,472.0,351.8,7,2,6.4,6,0.27,117,537,True
sub-014,AD,526.1,413.1,7,2,5.7,4,0.36,105,656,True
sub-015,AD,347.8,304.4,2,0,0.0,0,inf,0,425,False
sub-016,AD,425.7,317.7,11,4,22.2,30,0.06,199,517,True
sub-017,AD,444.9,322.4,7,2,9.1,12,0.15,158,521,True
sub-018,AD,365.6,237.9,6,2,6.3,6,0.27,151,380,True
sub-019,AD,344.0,240.3,3,2,5.8,5,0.31,138,385,True
sub-020,AD,415.9,312.0,6,1,3.2,3,0.53,97,466,False
sub-021,AD,383.8,262.7,6,1,4.0,4,0.42,81,437,True
sub-022,AD,266.8,159.8,5,1,2.3,1,1.0,89,232,False
sub-023,AD,83.8,0.0,2,0,0.0,0,inf,0,0,False
sub-024,AD,81.1,0.0,4,0,0.0,0,inf,0,0,False
sub-025,AD,271.4,184.6,5,1,2.5,2,0.72,46,168,False
sub-026,AD,87.1,0.0,4,0,0.0,0,inf,0,0,False
sub-027,AD,97.7,0.0,5,0,0.0,0,inf,0,0,False
sub-028,AD,425.7,338.8,6,2,5.0,3,0.43,171,527,True
sub-029,AD,109.5,0.0,4,0,0.0,0,inf,0,0,False
sub-030,AD,94.9,10.3,4,0,0.0,0,inf,0,17,False
sub-031,AD,80.8,0.0,4,0,0.0,0,inf,0,0,False
sub-032,AD,77.8,0.0,4,0,0.0,0,inf,0,0,False
sub-033,AD,100.4,0.0,4,0,0.0,0,inf,0,0,False
sub-034,AD,89.5,0.0,4,0,0.0,0,inf,0,0,False
sub-035,AD,481.6,360.3,8,3,9.9,9,0.18,229,506,True
sub-036,AD,81.4,0.0,4,0,0.0,0,inf,0,0,False
sub-037,CN,550.2,460.7,6,2,4.5,2,0.5,158,893,True
sub-038,CN,361.4,263.6,6,2,7.3,7,0.23,201,394,True
sub-039,CN,380.1,202.1,11,3,9.8,9,0.18,194,352,True
sub-040,CN,190.0,106.5,6,2,6.0,5,0.31,128,169,True
sub-041,CN,342.3,220.2,5,1,3.8,4,0.42,75,407,True
sub-042,CN,208.4,88.9,7,2,6.9,7,0.23,128,143,True
sub-043,CN,304.6,133.8,10,2,6.0,6,0.27,161,218,True
sub-044,CN,537.7,425.2,7,2,7.0,8,0.21,145,724,True
sub-045,CN,468.2,328.7,7,1,2.5,1,1.0,43,588,False
sub-046,CN,534.0,416.7,10,5,54.1,91,0.02,422,645,True
sub-047,CN,430.4,313.1,7,2,6.4,6,0.27,177,499,True
sub-048,CN,372.0,264.4,8,2,6.1,5,0.31,141,452,True
sub-049,CN,434.7,304.6,7,2,6.7,6,0.27,145,569,True
sub-050,CN,361.9,249.4,7,2,7.3,8,0.21,143,458,True
sub-051,CN,448.2,333.0,7,2,6.1,5,0.31,120,525,True
sub-052,CN,449.6,344.5,7,2,6.7,6,0.27,203,639,True
sub-053,CN,338.3,224.8,7,2,7.0,7,0.23,120,303,True
sub-054,CN,500.4,333.8,11,2,5.8,5,0.31,129,523,True
sub-055,CN,384.9,266.5,6,1,2.8,2,0.72,64,493,False
sub-056,CN,428.1,307.7,7,2,6.1,5,0.31,197,577,True
sub-057,CN,344.3,261.8,5,1,2.4,1,1.0,109,503,False
sub-058,CN,245.9,171.5,4,1,2.1,1,1.0,87,322,False
sub-059,CN,325.2,241.8,6,2,7.0,7,0.23,182,351,True
sub-060,CN,434.9,291.2,7,1,2.7,2,0.72,109,540,False
sub-061,CN,405.3,316.3,10,6,28.0,35,0.05,458,493,True
sub-062,CN,366.2,266.6,8,4,16.1,19,0.09,301,449,True
sub-063,CN,412.1,326.4,6,2,7.4,8,0.21,192,565,True
sub-064,CN,410.1,373.6,6,5,54.1,91,0.02,381,604,True
sub-065,CN,220.7,187.4,2,0,0.0,0,inf,0,369,False
sub-066,FTD,318.9,214.6,7,2,6.7,6,0.27,90,298,True
sub-067,FTD,373.9,254.9,8,3,10.6,11,0.15,238,409,True
sub-068,FTD,247.4,144.1,6,1,3.1,3,0.53,69,227,False
sub-069,FTD,533.2,416.0,7,2,6.9,7,0.23,99,652,True
sub-070,FTD,422.8,312.7,9,4,15.0,16,0.1,185,501,True
sub-071,FTD,510.8,403.9,8,3,18.7,28,0.06,211,607,True
sub-072,FTD,351.7,247.8,7,2,6.0,5,0.31,203,399,True
sub-073,FTD,603.2,481.6,7,2,5.3,4,0.36,144,863,True
sub-074,FTD,315.6,208.4,7,1,3.2,3,0.53,101,370,False
sub-075,FTD,380.3,244.8,8,2,6.0,6,0.27,114,328,True
sub-076,FTD,495.3,381.6,6,2,5.4,4,0.36,189,657,True
sub-077,FTD,288.6,177.1,2,2,14.1,22,0.08,42,75,True
sub-078,FTD,354.6,303.5,6,4,15.0,16,0.1,185,491,True
sub-079,FTD,88.1,0.0,4,0,0.0,0,inf,0,0,False
sub-080,FTD,81.6,0.0,4,0,0.0,0,inf,0,0,False
sub-081,FTD,96.8,0.0,4,0,0.0,0,inf,0,0,False
sub-082,FTD,76.8,0.0,4,0,0.0,0,inf,0,0,False
sub-083,FTD,75.0,0.0,4,0,0.0,0,inf,0,0,False
sub-084,FTD,75.7,0.0,4,0,0.0,0,inf,0,0,False
sub-085,FTD,104.4,0.0,4,0,0.0,0,inf,0,0,False
sub-087,FTD,81.5,0.0,4,0,0.0,0,inf,0,0,False
sub-088,FTD,132.8,0.0,4,0,0.0,0,inf,0,91,False
