task,set,family,n_features,auc,diff,lo,hi,p,mode
AD_vs_CN,all 94,all,94,0.8107279693486589,0.0,0.0,0.0,1.0,
AD_vs_CN,only band powers,band powers,35,0.7910919540229885,-0.019636015325670386,-0.06150383141762433,0.020213122605364064,0.383,only
AD_vs_CN,without band powers,band powers,59,0.7823754789272032,-0.02835249042145571,-0.062169540229884995,0.004796455938697319,0.092,without
AD_vs_CN,only ratios,ratios,14,0.8105363984674329,-0.00019157088122601085,-0.038220785440612984,0.03764846743295013,0.988,only
AD_vs_CN,without ratios,ratios,80,0.8100574712643678,-0.0006704980842910935,-0.0276077586206896,0.027691570881225976,0.958,without
AD_vs_CN,only spectral shape,spectral shape,21,0.7376436781609195,-0.0730842911877394,-0.1478975095785441,-0.007655651340996165,0.026,only
AD_vs_CN,without spectral shape,spectral shape,73,0.8097701149425287,-0.0009578544061301653,-0.020210727969348755,0.016475095785440708,0.948,without
AD_vs_CN,only Hjorth,Hjorth,21,0.7339080459770114,-0.07681992337164745,-0.16034482758620694,0.0021360153256700974,0.054,only
AD_vs_CN,without Hjorth,Hjorth,73,0.8113984674329501,0.0006704980842912045,-0.01925766283524912,0.020117337164751,0.933,without
AD_vs_CN,only alpha peak,alpha peak,3,0.8085249042145595,-0.0022030651340994023,-0.07481082375478906,0.06599856321839076,0.94,only
AD_vs_CN,without alpha peak,alpha peak,91,0.800287356321839,-0.010440613026819867,-0.03975335249042161,0.019454022988505956,0.488,without
FTD_vs_CN,all 94,all,94,0.727742946708464,0.0,0.0,0.0,1.0,
FTD_vs_CN,only band powers,band powers,35,0.7532915360501569,0.025548589341692907,-0.01504702194357355,0.07006661442006278,0.22,only
FTD_vs_CN,without band powers,band powers,59,0.7183385579937305,-0.00940438871473348,-0.06114811912225709,0.04043887147335423,0.69,without
FTD_vs_CN,only ratios,ratios,14,0.7092476489028213,-0.01849529780564263,-0.09703369905956108,0.05956504702194375,0.64,only
FTD_vs_CN,without ratios,ratios,80,0.7307210031347962,0.0029780564263321985,-0.023824451410658254,0.031826018808777425,0.821,without
FTD_vs_CN,only spectral shape,spectral shape,21,0.5998432601880876,-0.1278996865203763,-0.23935736677115999,-0.026457680250783957,0.013,only
FTD_vs_CN,without spectral shape,spectral shape,73,0.7363636363636364,0.008620689655172487,-0.013797021943573694,0.03056818181818187,0.46,without
FTD_vs_CN,only Hjorth,Hjorth,21,0.6672413793103449,-0.06050156739811907,-0.18027037617554859,0.05000783699059583,0.308,only
FTD_vs_CN,without Hjorth,Hjorth,73,0.7448275862068965,0.01708463949843253,-0.011128526645768026,0.04405956112852667,0.203,without
FTD_vs_CN,only alpha peak,alpha peak,3,0.7219435736677117,-0.005799373040752287,-0.10486677115987456,0.09310736677115981,0.884,only
FTD_vs_CN,without alpha peak,alpha peak,91,0.7452978056426331,0.017554858934169193,0.0001528213166144129,0.03714733542319737,0.05,without
