task,level,auc,auc_lo,auc_hi,diff_vs_full,lo,hi,p,epochs_median
AD_vs_CN,L0_raw,0.7254789272030651,0.6113936781609196,0.8262595785440613,-0.08524904214559381,-0.1839176245210728,0.00939655172413789,0.084,402.0
AD_vs_CN,L1_filtered,0.7170498084291188,0.6016977969348659,0.8218582375478927,-0.09367816091954007,-0.19329501915708824,0.0046024904214559915,0.061,402.0
AD_vs_CN,L2_car,0.8468390804597702,0.7651317049808428,0.919257662835249,0.036111111111111316,-0.027399425287356304,0.10325670498084283,0.245,402.0
AD_vs_CN,L2r_reject,0.7951149425287356,0.6978807471264367,0.8820905172413793,-0.01561302681992327,-0.055076628352490276,0.023182471264367847,0.395,351.0
AD_vs_CN,L3_full,0.8107279693486589,0.7168558429118773,0.8960751915708811,0.0,0.0,0.0,1.0,372.0
FTD_vs_CN,L0_raw,0.6126959247648903,0.47978056426332294,0.7330995297805641,-0.11504702194357364,-0.21974921630094035,-0.017864420062695965,0.027,393.0
FTD_vs_CN,L1_filtered,0.6782131661442007,0.5382131661442007,0.8023628526645767,-0.04952978056426327,-0.1652037617554858,0.05596394984326001,0.366,393.0
FTD_vs_CN,L2_car,0.7032915360501567,0.580525078369906,0.8064733542319747,-0.02445141065830725,-0.10925156739811905,0.05047021943573682,0.506,393.0
FTD_vs_CN,L2r_reject,0.7514106583072101,0.6270846394984326,0.8639537617554859,0.023667711598746144,-0.009408307210031506,0.05877742946708464,0.19,354.0
FTD_vs_CN,L3_full,0.727742946708464,0.6017123824451411,0.836065830721003,0.0,0.0,0.0,1.0,371.0
