task,model,auc_region,auc_channel,diff,lo,hi,p
AD_vs_CN,logreg,0.8107279693486589,0.8442528735632184,0.03352490421455956,-0.008048371647509558,0.07691570881226051,0.127
AD_vs_CN,linsvm,0.8096264367816092,0.8305555555555555,0.02092911877394632,-0.01734434865900379,0.059674329501915646,0.281
AD_vs_CN,rbfsvm,0.8283524904214559,0.8650862068965518,0.036733716475095934,0.0008620689655172125,0.07956297892720296,0.043
AD_vs_CN,rf,0.8419061302681993,0.8501915708812261,0.008285440613026829,-0.01892001915708804,0.03716594827586208,0.565
AD_vs_CN,knn,0.8223659003831418,0.8554597701149425,0.03309386973180062,0.006081178160919437,0.06695402298850572,0.013
FTD_vs_CN,logreg,0.727742946708464,0.7857366771159874,0.057993730407523425,0.014102664576802527,0.10376175548589328,0.008
FTD_vs_CN,linsvm,0.7195141065830721,0.7900470219435738,0.07053291536050166,0.03369514106583081,0.11144592476489033,0.0
FTD_vs_CN,rbfsvm,0.6847962382445142,0.7547021943573667,0.06990595611285255,0.01771159874608152,0.12602272727272731,0.005
FTD_vs_CN,rf,0.7458463949843261,0.7704545454545454,0.024608150470219248,-0.010188087774294589,0.06411442006269584,0.177
FTD_vs_CN,knn,0.7121473354231975,0.7246081504702194,0.0124608150470219,-0.03566418495297809,0.05863244514106566,0.575
AD_vs_FTD,logreg,0.5779040404040403,0.6039141414141413,0.02601010101010104,-0.05038825757575771,0.10025883838383835,0.507
AD_vs_FTD,linsvm,0.44545454545454544,0.5496212121212122,0.10416666666666674,0.0396417297979797,0.17159722222222223,0.002
AD_vs_FTD,rbfsvm,0.4374368686868687,0.5151515151515152,0.07771464646464654,-0.037894570707070675,0.1962279040404038,0.21
AD_vs_FTD,rf,0.513510101010101,0.6109848484848486,0.0974747474747476,0.02569286616161618,0.17185132575757567,0.013
AD_vs_FTD,knn,0.5513888888888888,0.58364898989899,0.03226010101010113,-0.027782512626262527,0.09135574494949487,0.31
3class,logreg,0.6782359050396632,0.7006062090340843,0.02237030399442086,-0.008483358473254262,0.052976588315872805,0.159
3class,linsvm,0.6668771518855453,0.6952210000279525,0.028343848142407313,0.007670601899367722,0.049825566139536245,0.007
3class,rbfsvm,0.672966647727903,0.7120558710919159,0.03908922336401288,0.013152803670406277,0.06483477811302707,0.004
3class,rf,0.6841985873873101,0.7178155326617709,0.0336169452744608,0.006388077090481193,0.06271104413032354,0.016
3class,knn,0.675118615971359,0.6991049287004731,0.023986312729114223,-4.523522048027176e-05,0.048881664215219015,0.052
