subject,group,variant,ica_removed,delta,theta,alpha,beta,gamma,delta_gap
sub-001,AD,AUTHORS,,0.897,0.056,0.016,0.012,0.008,0.0
sub-001,AD,full pipeline,1,0.625,0.175,0.053,0.05,0.072,-0.272
sub-001,AD,no ICA,,0.699,0.156,0.041,0.034,0.048,-0.198
sub-001,AD,no average reference,2,0.506,0.2,0.068,0.078,0.119,-0.391
sub-001,AD,"no ICA, no average ref",,0.886,0.063,0.018,0.013,0.009,-0.01
sub-001,AD,gentle filter,1,0.61,0.191,0.057,0.055,0.061,-0.287
sub-037,CN,AUTHORS,,0.857,0.05,0.058,0.014,0.006,0.0
sub-037,CN,full pipeline,1,0.799,0.048,0.092,0.031,0.014,-0.058
sub-037,CN,no ICA,,0.647,0.056,0.216,0.032,0.013,-0.209
sub-037,CN,no average reference,1,0.626,0.096,0.157,0.06,0.033,-0.231
sub-037,CN,"no ICA, no average ref",,0.803,0.086,0.066,0.018,0.007,-0.053
sub-037,CN,gentle filter,1,0.785,0.052,0.101,0.034,0.012,-0.072
sub-066,FTD,AUTHORS,,0.868,0.067,0.029,0.014,0.01,0.0
sub-066,FTD,full pipeline,1,0.612,0.185,0.112,0.035,0.026,-0.256
sub-066,FTD,no ICA,,0.697,0.149,0.083,0.026,0.019,-0.171
sub-066,FTD,no average reference,1,0.675,0.148,0.084,0.033,0.035,-0.193
sub-066,FTD,"no ICA, no average ref",,0.856,0.074,0.031,0.015,0.01,-0.011
sub-066,FTD,gentle filter,1,0.598,0.195,0.118,0.037,0.02,-0.27
