task,feature_set,model,n,n_features,bacc,auc,sens,spec,auc_sd_repeats,auc_lo,auc_hi,bacc_lo,bacc_hi,main
AD_vs_CN,region,logreg,65,94,0.7621647509578544,0.8107279693486589,0.7277777777777777,0.7965517241379311,0.02474603464552986,0.7168558429118773,0.8960751915708811,0.6764810823754789,0.8459818007662835,True
AD_vs_CN,region,dummy,65,94,0.5,0.5,0.0,1.0,0.0,0.5,0.5,0.5,0.5,False
AD_vs_CN,region,linsvm,65,94,0.7634099616858239,0.8096264367816092,0.6888888888888889,0.8379310344827587,0.031884648233918,0.7147461685823756,0.8957902298850574,0.6915660919540231,0.833764367816092,False
AD_vs_CN,region,rbfsvm,65,94,0.7769157088122606,0.8283524904214559,0.7055555555555555,0.8482758620689654,0.031099454245594665,0.7347653256704981,0.9105363984674328,0.6976987547892719,0.8510536398467433,False
AD_vs_CN,region,rf,65,94,0.7452107279693487,0.8419061302681993,0.7111111111111111,0.7793103448275862,0.02420023469609066,0.748937978927203,0.9242349137931035,0.6507147988505747,0.8340241858237547,False
AD_vs_CN,region,knn,65,94,0.7627394636015326,0.8223659003831418,0.6944444444444444,0.8310344827586207,0.03224389621217072,0.7295929118773945,0.9064786877394636,0.6822677203065134,0.8372210249042146,False
AD_vs_CN,channel,dummy,65,250,0.5,0.5,0.0,1.0,0.0,0.5,0.5,0.5,0.5,False
AD_vs_CN,channel,logreg,65,250,0.7808908045977011,0.8442528735632184,0.7583333333333333,0.8034482758620689,0.027452849222487145,0.7590996168582376,0.9194612068965516,0.7065529214559387,0.855706417624521,False
AD_vs_CN,channel,linsvm,65,250,0.7625,0.8305555555555555,0.725,0.7999999999999999,0.021365521721122566,0.7373563218390805,0.9133632662835247,0.6867061781609195,0.8350167624521072,False
AD_vs_CN,channel,rbfsvm,65,250,0.8150383141762452,0.8650862068965518,0.7611111111111111,0.8689655172413794,0.034691028397842195,0.7867768199233717,0.9339128352490422,0.7468342911877395,0.8798371647509577,False
AD_vs_CN,channel,rf,65,250,0.7776340996168581,0.8501915708812261,0.7138888888888888,0.8413793103448276,0.01956439606980335,0.7580842911877396,0.929899425287356,0.6883620689655172,0.8645605842911878,False
AD_vs_CN,channel,knn,65,250,0.7731800766283525,0.8554597701149425,0.7222222222222223,0.8241379310344827,0.030986849116861802,0.7710859674329502,0.9282183908045977,0.6899868295019157,0.8516810344827586,False
AD_vs_CN,age_sex,logreg,65,2,0.618007662835249,0.6242816091954023,0.6222222222222223,0.6137931034482758,0.03516594533338158,0.49536757662835246,0.7444588122605362,0.5044312739463601,0.7254477969348657,False
FTD_vs_CN,region,dummy,51,94,0.5,0.5,0.0,1.0,0.0,0.5,0.5,0.5,0.5,False
FTD_vs_CN,region,logreg,51,94,0.6955329153605014,0.727742946708464,0.6772727272727272,0.7137931034482758,0.053475847603048035,0.6017123824451411,0.836065830721003,0.5855701410658307,0.7958522727272728,False
FTD_vs_CN,region,linsvm,51,94,0.6778996865203762,0.7195141065830721,0.6454545454545454,0.710344827586207,0.05223511498548464,0.5977860501567398,0.8282934952978056,0.5781112852664577,0.7711677115987461,False
FTD_vs_CN,region,rbfsvm,51,94,0.6797805642633228,0.6847962382445142,0.6181818181818182,0.7413793103448276,0.0674143379187748,0.5567319749216301,0.7968965517241376,0.5812343260188089,0.7670278213166143,False
FTD_vs_CN,region,rf,51,94,0.6849529780564263,0.7458463949843261,0.6181818181818182,0.7517241379310345,0.030352635236131582,0.6,0.869516065830721,0.5664282915360501,0.7897355015673982,False
FTD_vs_CN,region,knn,51,94,0.6619122257053291,0.7121473354231975,0.5272727272727273,0.796551724137931,0.030348587975246446,0.581030564263323,0.8252527429467085,0.5597884012539185,0.7536206896551724,False
FTD_vs_CN,channel,dummy,51,250,0.5,0.5,0.0,1.0,0.0,0.5,0.5,0.5,0.5,False
FTD_vs_CN,channel,logreg,51,250,0.745219435736677,0.7857366771159874,0.7318181818181818,0.7586206896551724,0.04232584421452226,0.6650235109717868,0.8903095611285264,0.6470121473354232,0.8367006269592474,False
FTD_vs_CN,channel,linsvm,51,250,0.7365987460815047,0.7900470219435738,0.7318181818181818,0.7413793103448276,0.03772589219349213,0.6742907523510971,0.8942006269592475,0.6467084639498433,0.8197511755485892,False
FTD_vs_CN,channel,rbfsvm,51,250,0.7340909090909091,0.7547021943573667,0.6681818181818182,0.7999999999999999,0.043854947883308924,0.6325979623824451,0.8619161442006269,0.6340869905956114,0.8232974137931033,False
FTD_vs_CN,channel,rf,51,250,0.7058777429467085,0.7704545454545454,0.6772727272727272,0.7344827586206897,0.040480844417485944,0.6271845611285267,0.8906837774294671,0.5881406739811912,0.8131739811912225,False
FTD_vs_CN,channel,knn,51,250,0.6608150470219436,0.7246081504702194,0.5181818181818182,0.8034482758620689,0.040148345217781795,0.5954741379310347,0.8350391849529781,0.55233934169279,0.7559835423197491,False
FTD_vs_CN,age_sex,logreg,51,2,0.5674764890282131,0.566692789968652,0.5590909090909091,0.5758620689655172,0.043488519339639764,0.4277899686520376,0.7082582288401251,0.45249020376175547,0.6835423197492162,False
AD_vs_FTD,region,dummy,58,94,0.5,0.5,0.0,1.0,0.0,0.5,0.5,0.5,0.5,False
AD_vs_FTD,region,logreg,58,94,0.6135101010101011,0.5779040404040403,0.6361111111111111,0.5909090909090908,0.05895274899978084,0.4440214646464646,0.7065719696969697,0.5002241161616162,0.7243749999999999,False
AD_vs_FTD,region,linsvm,58,94,0.5984848484848484,0.44545454545454544,0.6333333333333334,0.5636363636363636,0.0888745397049949,0.3712121212121212,0.5160479797979799,0.49431502525252524,0.7019034090909091,False
AD_vs_FTD,region,rbfsvm,58,94,0.4991161616161617,0.4374368686868687,0.3027777777777777,0.6954545454545455,0.03516867478893042,0.3784027777777778,0.4890183080808081,0.4570612373737374,0.5443213383838383,False
AD_vs_FTD,region,rf,58,94,0.5273989898989899,0.513510101010101,0.6138888888888889,0.4409090909090909,0.049609484053662625,0.3765088383838384,0.6485558712121212,0.43004103535353544,0.6280397727272727,False
AD_vs_FTD,region,knn,58,94,0.5497474747474748,0.5513888888888888,0.7222222222222221,0.37727272727272726,0.08164819369039834,0.4247458964646465,0.6741998106060605,0.4676609848484848,0.632979797979798,False
AD_vs_FTD,channel,dummy,58,250,0.5,0.5,0.0,1.0,0.0,0.5,0.5,0.5,0.5,False
AD_vs_FTD,channel,logreg,58,250,0.6027777777777776,0.6039141414141413,0.6555555555555556,0.5499999999999999,0.04096847697314898,0.47726957070707066,0.7174273989898989,0.5011079545454546,0.6998926767676767,False
AD_vs_FTD,channel,linsvm,58,250,0.5848484848484847,0.5496212121212122,0.6333333333333333,0.5363636363636364,0.06029565924528978,0.42989898989898984,0.6595470328282828,0.49177398989898996,0.6741287878787878,False
AD_vs_FTD,channel,rbfsvm,58,250,0.5252525252525252,0.5151515151515152,0.6277777777777777,0.42272727272727273,0.05210226928499818,0.41653409090909094,0.6116445707070707,0.44191287878787877,0.6128851010101009,False
AD_vs_FTD,channel,rf,58,250,0.5809343434343435,0.6109848484848486,0.6527777777777779,0.509090909090909,0.04075741147501721,0.459073547979798,0.7511032196969695,0.47221906565656563,0.6918244949494947,False
AD_vs_FTD,channel,knn,58,250,0.5904040404040404,0.58364898989899,0.7444444444444444,0.43636363636363634,0.04017776165529169,0.45517361111111104,0.7030381944444444,0.4940624999999999,0.6829608585858584,False
AD_vs_FTD,age_sex,logreg,58,2,0.6016414141414141,0.6135101010101011,0.6305555555555555,0.5727272727272726,0.025869668454471764,0.47068339646464646,0.7428125,0.4786584595959596,0.7156565656565657,False
3class,region,dummy,87,94,0.33333333333333337,0.5,,,0.0,0.5,0.5,0.33333333333333337,0.33333333333333337,False
3class,region,logreg,87,94,0.5320619993033786,0.6782359050396635,,,0.027934904448119077,0.6134682639078461,0.740687137770783,0.4542104231974922,0.609195837687217,False
3class,region,linsvm,87,94,0.5319662138627657,0.6668771518855452,,,0.021874453100786163,0.6090190616991139,0.7207434016965153,0.45687507256472776,0.6097998664809009,False
3class,region,rbfsvm,87,94,0.532924068268896,0.672966647727903,,,0.024946652444802788,0.609224098661466,0.7348476962944159,0.4619711482642518,0.6031481481481481,False
3class,region,rf,87,94,0.5257198420991526,0.68419858738731,,,0.019179518598623845,0.608422713073259,0.7554943861530821,0.44617271856495994,0.6027539039823522,False
3class,region,knn,87,94,0.5303930105654244,0.6751186159713589,,,0.02686710054149686,0.6102649326170287,0.7356741113521981,0.46769432834088015,0.5921740392430047,False
3class,channel,dummy,87,250,0.33333333333333337,0.5,,,0.0,0.5,0.5,0.33333333333333337,0.33333333333333337,False
3class,channel,logreg,87,250,0.5475182863113897,0.7006062090340843,,,0.023883003750408017,0.6427382472707133,0.7561053579642211,0.4745979914083363,0.622208144665041,False
3class,channel,linsvm,87,250,0.5483194009056077,0.6952210000279525,,,0.023731071896664607,0.6376910766168128,0.748862798379352,0.4744742685475445,0.6199719174503656,False
3class,channel,rbfsvm,87,250,0.5444560548008823,0.7120558710919159,,,0.027369446015982204,0.6490783257247668,0.773003565713799,0.47228520840589805,0.6162105973528387,False
3class,channel,rf,87,250,0.5564698711250435,0.7178155326617708,,,0.013820269214418191,0.6428852196177843,0.7860129050595784,0.4678396754905375,0.6398497184488563,False
3class,channel,knn,87,250,0.5285034250551491,0.6991049287004731,,,0.03356259220358156,0.637346249190628,0.7552536613281218,0.47184437768489484,0.5828213891791477,False
3class,age_sex,logreg,87,2,0.4034598862185069,0.5735337517596617,,,0.016008099254817266,0.4968663098483093,0.6467230486150962,0.31921971148264255,0.4898123476140715,False
