participant_id,group,p_AD_mean,called_AD_fraction,Age,Gender,MMSE,dur_s,n_ica_removed,drop_pct,wrong
sub-001,AD,0.961088436635792,1.0,57.0,F,16.0,579.8,1.0,1.0,False
sub-002,AD,0.4110443255185569,0.2,78.0,F,22.0,773.1,1.0,1.6,True
sub-003,AD,0.5765848004399812,0.7,70.0,M,14.0,287.1,1.0,1.4,False
sub-004,AD,0.9637788966144952,1.0,67.0,F,20.0,687.1,2.0,5.0,False
sub-005,AD,0.8417409107917508,1.0,70.0,M,22.0,784.1,1.0,13.3,False
sub-006,AD,0.0879443001356013,0.0,61.0,F,14.0,617.1,1.0,0.7,True
sub-007,AD,0.8566932213787188,1.0,79.0,F,20.0,749.1,1.0,0.5,False
sub-008,AD,0.8175468352892992,1.0,62.0,M,16.0,779.1,1.0,19.6,False
sub-009,AD,0.5971202908902543,0.5,77.0,F,23.0,593.6,1.0,0.0,False
sub-010,AD,0.0825578352381007,0.0,69.0,M,20.0,1271.1,1.0,0.3,True
sub-011,AD,0.8507958817273596,1.0,71.0,M,22.0,751.6,2.0,16.8,False
sub-012,AD,0.2181520812683082,0.1,63.0,M,18.0,878.3,1.0,16.7,True
sub-013,AD,0.8455596861146338,1.0,64.0,F,20.0,820.1,1.0,8.8,False
sub-014,AD,0.8667090409745886,1.0,77.0,M,14.0,925.2,2.0,9.8,False
sub-015,AD,0.3126339491903748,0.1,61.0,M,18.0,890.1,1.0,3.8,True
sub-016,AD,0.8556169388249468,1.0,68.0,F,14.0,965.1,0.0,17.5,False
sub-017,AD,0.8449617800280839,1.0,61.0,F,6.0,827.1,1.0,9.7,False
sub-018,AD,0.9271378114143404,1.0,73.0,F,23.0,827.1,1.0,1.5,False
sub-019,AD,0.2922492818613572,0.0,62.0,F,14.0,900.3,1.0,4.7,True
sub-020,AD,0.6754512927618384,0.9,71.0,M,4.0,849.3,1.0,3.8,False
sub-021,AD,0.6097810448963517,0.7,79.0,M,22.0,903.3,1.0,4.2,False
sub-022,AD,0.8410897382543701,1.0,68.0,F,20.0,803.6,2.0,19.2,False
sub-023,AD,0.7691694984760155,1.0,60.0,M,16.0,842.6,1.0,16.0,False
sub-024,AD,0.920262824548803,1.0,69.0,F,20.0,747.5,1.0,0.8,False
sub-025,AD,0.1311235653718424,0.0,79.0,F,20.0,678.4,1.0,10.7,True
sub-026,AD,0.9359740346800748,1.0,61.0,F,18.0,897.4,1.0,46.3,False
sub-027,AD,0.8833639802838379,1.0,67.0,F,16.0,810.9,1.0,21.8,False
sub-028,AD,0.8375145490192452,1.0,49.0,M,20.0,806.5,1.0,3.2,False
sub-029,AD,0.9223963026111356,1.0,53.0,F,16.0,720.7,1.0,15.0,False
sub-030,AD,0.907681660150184,1.0,56.0,F,20.0,537.1,1.0,43.4,False
sub-031,AD,0.5051287826202937,0.3,67.0,F,22.0,1136.8,1.0,9.7,True
sub-032,AD,0.868061197707782,1.0,59.0,F,20.0,834.9,1.0,3.6,False
sub-033,AD,0.5552519505096205,0.6,72.0,F,20.0,687.1,1.0,0.0,False
sub-034,AD,0.9335148261020776,1.0,75.0,F,18.0,950.9,1.0,9.7,False
sub-035,AD,0.8878692656391456,1.0,57.0,F,22.0,737.1,1.0,2.2,False
sub-036,AD,0.3609390927965299,0.1,58.0,F,9.0,833.1,1.0,5.5,True
sub-037,CN,0.5482618858530353,0.7,57.0,M,30.0,757.1,1.0,5.3,True
sub-038,CN,0.3049735145621418,0.1,62.0,M,30.0,874.1,1.0,8.0,False
sub-039,CN,0.1593224589868908,0.0,70.0,M,30.0,837.1,1.0,4.3,False
sub-040,CN,0.3487628184364421,0.0,61.0,M,30.0,997.1,0.0,8.7,False
sub-041,CN,0.1110368686325134,0.0,77.0,F,30.0,867.1,1.0,11.6,False
sub-042,CN,0.170068871546837,0.0,74.0,M,30.0,955.1,1.0,12.6,False
sub-043,CN,0.5803680541555207,0.8,72.0,M,30.0,809.1,1.0,1.5,True
sub-044,CN,0.1968802424709345,0.0,64.0,F,30.0,861.6,1.0,0.0,False
sub-045,CN,0.5633501123047185,0.9,70.0,F,30.0,842.7,1.0,10.5,True
sub-046,CN,0.4650349137277468,0.2,63.0,M,30.0,738.4,0.0,12.5,False
sub-047,CN,0.1560405926248233,0.0,70.0,F,30.0,788.0,1.0,5.6,False
sub-048,CN,0.2243122089318456,0.0,65.0,M,30.0,993.4,1.0,29.3,False
sub-049,CN,0.2643060913118747,0.0,62.0,F,30.0,764.2,1.0,0.5,False
sub-050,CN,0.7051293673056467,0.9,68.0,M,30.0,806.7,1.0,10.9,True
sub-051,CN,0.2287263066874595,0.0,75.0,F,30.0,767.3,1.0,12.6,False
sub-052,CN,0.2723563276267257,0.0,73.0,F,30.0,741.1,1.0,2.4,False
sub-053,CN,0.5696903516599898,0.7,70.0,M,30.0,779.3,1.0,18.0,True
sub-054,CN,0.2291625111275887,0.1,78.0,M,30.0,822.3,1.0,3.9,False
sub-055,CN,0.1283378023469554,0.0,67.0,M,30.0,804.0,1.0,0.0,False
sub-056,CN,0.4114743104797441,0.3,64.0,F,30.0,865.4,1.0,0.9,False
sub-057,CN,0.3617686940205883,0.2,64.0,M,30.0,776.5,1.0,0.0,False
sub-058,CN,0.1226217690751817,0.0,62.0,M,30.0,742.8,0.0,5.1,False
sub-059,CN,0.4152707964540481,0.1,77.0,M,30.0,769.8,1.0,0.0,False
sub-060,CN,0.4651517077651635,0.5,71.0,F,30.0,731.5,2.0,2.5,False
sub-061,CN,0.2612681903576444,0.0,63.0,F,30.0,787.3,1.0,9.2,False
sub-062,CN,0.2667226006757767,0.1,67.0,M,30.0,892.1,2.0,8.1,False
sub-063,CN,0.4055379963157079,0.2,66.0,M,30.0,789.3,1.0,1.5,False
sub-064,CN,0.1584043725069411,0.0,66.0,M,30.0,829.1,1.0,13.8,False
sub-065,CN,0.2054140425396364,0.1,71.0,F,30.0,864.1,2.0,5.6,False
sub-066,FTD,0.7861950205957811,,,,,,,,
sub-067,FTD,0.1391023721554491,,,,,,,,
sub-068,FTD,0.09693686170098939,,,,,,,,
sub-069,FTD,0.9987806093264687,,,,,,,,
sub-070,FTD,0.6360649785409213,,,,,,,,
sub-071,FTD,0.2414113596504646,,,,,,,,
sub-072,FTD,0.9862297539924895,,,,,,,,
sub-073,FTD,0.46240214488204595,,,,,,,,
sub-074,FTD,0.4830444292692761,,,,,,,,
sub-075,FTD,0.46185447883600744,,,,,,,,
sub-076,FTD,0.8427192925459386,,,,,,,,
sub-077,FTD,0.3500180371232523,,,,,,,,
sub-078,FTD,0.2630979462543241,,,,,,,,
sub-079,FTD,0.15780065405474686,,,,,,,,
sub-080,FTD,0.0017341534369018498,,,,,,,,
sub-081,FTD,0.9897724592413587,,,,,,,,
sub-082,FTD,0.22670796375311533,,,,,,,,
sub-083,FTD,0.47859617135388616,,,,,,,,
sub-084,FTD,0.9911864349691893,,,,,,,,
sub-085,FTD,0.5816872006692249,,,,,,,,
sub-087,FTD,0.7386174533117148,,,,,,,,
sub-088,FTD,0.8970868664575967,,,,,,,,
