test,auc
A. noise features,0.5004789272030652
A. noise features,0.4564176245210728
A. noise features,0.4573754789272031
A. noise features,0.6197318007662835
A. noise features,0.39224137931034486
A. noise features,0.3553639846743295
A. noise features,0.45545977011494254
A. noise features,0.4444444444444444
A. noise features,0.42720306513409967
A. noise features,0.6527777777777778
B. shuffled labels,0.4013409961685824
B. shuffled labels,0.4966475095785441
B. shuffled labels,0.6489463601532567
B. shuffled labels,0.3797892720306514
B. shuffled labels,0.6278735632183908
B. shuffled labels,0.6163793103448276
B. shuffled labels,0.47174329501915707
B. shuffled labels,0.45067049808429116
B. shuffled labels,0.5019157088122606
B. shuffled labels,0.4650383141762452
C. planted signal,0.7940613026819923
C. planted signal,0.8079501915708812
C. planted signal,0.8007662835249042
D. select on everyone (WRONG),0.8199233716475095
D. select on everyone (WRONG),0.8065134099616859
D. select on everyone (WRONG),0.8256704980842913
D. select on everyone (WRONG),0.7653256704980843
D. select on everyone (WRONG),0.6992337164750957
D. select on everyone (WRONG),0.7452107279693486
D. select on everyone (WRONG),0.7528735632183908
D. select on everyone (WRONG),0.8084291187739464
D. select on everyone (WRONG),0.7863984674329502
D. select on everyone (WRONG),0.7758620689655172
D. select inside folds,0.4329501915708812
D. select inside folds,0.5306513409961685
D. select inside folds,0.33524904214559387
D. select inside folds,0.5756704980842913
D. select inside folds,0.39272030651340994
D. select inside folds,0.4655172413793103
D. select inside folds,0.4683908045977011
D. select inside folds,0.46360153256704983
D. select inside folds,0.5488505747126436
D. select inside folds,0.3745210727969348
