ds006036,group_006036,match_004504,group_004504,offset,sim,margin,mutual
sub-001,AD,sub-012,AD,11,0.7863876204955891,0.24055438222138736,True
sub-002,AD,sub-013,AD,11,0.8704658378453674,0.23261272589691984,True
sub-003,AD,sub-014,AD,11,0.7858636228795076,0.2757162192642534,True
sub-004,AD,sub-015,AD,11,0.8742070547937049,0.3993734075379344,True
sub-005,AD,sub-045,CN,40,0.6216744923432784,0.006907826319457522,True
sub-006,AD,sub-017,AD,11,0.922795586772484,0.14952606276182867,True
sub-007,AD,sub-018,AD,11,0.9119235910666642,0.36044430614137934,True
sub-008,AD,sub-063,CN,55,0.659859761660305,0.03868943884320164,False
sub-009,AD,sub-013,AD,4,0.8155998202824604,0.0038508597775165354,False
sub-010,AD,sub-021,AD,11,0.8309064999636991,0.2701703861736492,True
sub-012,AD,sub-023,AD,11,0.7789037285189542,0.388345347437334,True
sub-013,AD,sub-024,AD,11,0.9602755613074836,0.03640792841842089,True
sub-014,AD,sub-025,AD,11,0.7565241072883426,0.1973121960801124,True
sub-015,AD,sub-026,AD,11,0.8214738416413784,0.12696355178056207,True
sub-016,AD,sub-017,AD,1,0.8739966975021479,0.024562167225172793,False
sub-017,AD,sub-028,AD,11,0.9192096509155928,0.04556061944480094,False
sub-018,AD,sub-029,AD,11,0.9008272495579793,0.13612500632698887,True
sub-019,AD,sub-024,AD,5,0.8029134185961725,0.002453059486995368,False
sub-020,AD,sub-031,AD,11,0.8220535913349388,0.32677230432721455,True
sub-021,AD,sub-032,AD,11,0.9382081599059195,0.23637209060999242,True
sub-022,AD,sub-034,AD,12,0.7859794594869625,0.11055974535960822,True
sub-025,AD,sub-008,AD,-17,0.9144128633282139,0.15695905400762944,True
sub-028,AD,sub-011,AD,-17,0.7360065273253075,0.25965079647997463,True
sub-035,AD,sub-005,AD,-30,0.8475170949524696,0.32121052572519193,True
sub-037,CN,sub-037,CN,0,0.8664001525574306,0.36989756619679354,True
sub-038,CN,sub-044,CN,6,0.9618811981040166,0.3117493100686899,True
sub-039,CN,sub-045,CN,6,0.5438235832593744,0.10328112853292476,False
sub-040,CN,sub-046,CN,6,0.829016081790291,0.19919450108196934,True
sub-041,CN,sub-047,CN,6,0.9509425169462481,0.21710230109368833,True
sub-042,CN,sub-048,CN,6,0.7968012183965503,0.15320836700756923,True
sub-043,CN,sub-049,CN,6,0.862416693918089,0.2383126551989906,True
sub-044,CN,sub-050,CN,6,0.8195025153754593,0.41604851831589706,True
sub-045,CN,sub-051,CN,6,0.9095246974765762,0.2065412896006913,True
sub-046,CN,sub-072,FTD,26,0.6927898989775153,0.11938603500226896,False
sub-047,CN,sub-053,CN,6,0.6672167719330399,0.1808891499745548,True
sub-048,CN,sub-054,CN,6,0.7691460920682374,0.02266213013467344,True
sub-049,CN,sub-055,CN,6,0.9519733733934835,0.1957603160633713,True
sub-050,CN,sub-056,CN,6,0.9318697201035079,0.21325415064645303,True
sub-051,CN,sub-057,CN,6,0.9100944341273272,0.2831160201685142,True
sub-052,CN,sub-058,CN,6,0.8932841537692389,0.15918977262074496,True
sub-053,CN,sub-059,CN,6,0.7596914393490076,0.18906971987612142,True
sub-054,CN,sub-060,CN,6,0.917210871526116,0.25334350867175237,True
sub-055,CN,sub-061,CN,6,0.8231160369954098,0.35088027796783433,True
sub-056,CN,sub-063,CN,7,0.8474014559150078,0.23364496326578688,True
sub-057,CN,sub-039,CN,-18,0.6586963752726941,0.027861847003731288,True
sub-058,CN,sub-040,CN,-18,0.795385353353261,0.3479590731570633,True
sub-059,CN,sub-041,CN,-18,0.9092670762157584,0.1866839375013032,True
sub-060,CN,sub-042,CN,-18,0.8392211121667076,0.16116029021237377,True
sub-061,CN,sub-043,CN,-18,0.9109029717993306,0.4220978901556139,True
sub-062,CN,sub-062,CN,0,0.748595904487701,0.15995846807598102,True
sub-063,CN,sub-064,CN,1,0.9509451849777054,0.19827201798512928,True
sub-064,CN,sub-072,FTD,8,0.6852647405561118,0.08373328805699509,False
sub-065,CN,sub-056,CN,-9,0.8808762186478802,0.1469989991327224,False
sub-066,FTD,sub-004,AD,-62,0.3276655338360558,0.03241490415228543,False
sub-067,FTD,sub-073,FTD,6,0.8496683156001253,0.1319493334746905,True
sub-068,FTD,sub-074,FTD,6,0.5107948558976086,0.07161899516436016,False
sub-069,FTD,sub-075,FTD,6,0.8484898690599848,0.24906581352214163,True
sub-070,FTD,sub-076,FTD,6,0.9304707662114952,0.14922488567823333,True
sub-071,FTD,sub-077,FTD,6,0.9377297054866145,0.24266864629787566,True
sub-072,FTD,sub-078,FTD,6,0.9067347755938221,0.18230756570479334,True
sub-073,FTD,sub-079,FTD,6,0.8738385582583251,0.1852500385241319,True
sub-074,FTD,sub-080,FTD,6,0.9358607954361698,0.23664925071678655,True
sub-075,FTD,sub-029,AD,-46,0.5145721673079229,0.004587735674145943,False
sub-076,FTD,sub-082,FTD,6,0.726938517508115,0.2522101000703435,True
sub-077,FTD,sub-085,FTD,8,0.8638760455605837,0.27279372088083664,True
sub-078,FTD,sub-076,FTD,-2,0.9235699513952017,0.13572747728405776,False
