subject,group,which,log_total_rest,log_alpha_rest,rel_alpha_rest,log_theta_alpha_rest,alpha_freq_rest,post_share_rest,log_total_photo,log_alpha_photo,rel_alpha_photo,log_theta_alpha_photo,alpha_freq_photo,post_share_photo,map_corr
sub-001,AD,ec_all,-10.590137394939573,-11.671032764716887,0.08262566328911387,0.5317609600888761,9.09817967600818,0.38738118717152703,-10.471806032544388,-11.135592412256612,0.22508179816976298,-0.5009175962801913,9.44902319949806,0.4508662730002028,0.4985035127411497
sub-001,AD,ec_near,-10.590137394939573,-11.671032764716887,0.08262566328911387,0.5317609600888761,9.09817967600818,0.38738118717152703,-10.32809267867587,-10.959759043428722,0.2442279205100643,-0.5649408793286645,9.397458171164555,0.4878520492469641,0.5119543351416325
sub-002,AD,ec_all,-10.308749103349593,-10.549294917227138,0.569019544632634,-0.45618652730237086,8.651222661178853,0.5079016337712541,-10.479470653246636,-11.295919860859037,0.13591857197824778,0.13401068051918405,10.209972628150787,0.46694120849655,0.6336313492871842
sub-002,AD,ec_near,-10.308749103349593,-10.549294917227138,0.569019544632634,-0.45618652730237086,8.651222661178853,0.5079016337712541,-10.474776523431409,-11.294498461889672,0.13442460889278104,0.14373694153867914,10.213501704280638,0.46667194395619,0.634926492242754
sub-003,AD,ec_all,-10.26296026067365,-10.626056289324096,0.39981978816605585,-0.2846147181094183,8.851063866541965,0.6065506498884031,-10.477998255765876,-11.67003322775788,0.06532326068836027,0.44121420097043595,9.077211443733136,0.3094115798969523,-0.4407955106264288
sub-003,AD,ec_near,-10.26296026067365,-10.626056289324096,0.39981978816605585,-0.2846147181094183,8.851063866541965,0.6065506498884031,-10.46113544534227,-11.657442596462342,0.06462471829917668,0.4288500639860841,9.089434041212831,0.31019283612360593,-0.43008207087427214
sub-004,AD,ec_all,-10.491913429237014,-11.830965813126983,0.047801351195379836,0.6635356766044874,8.54389525955257,0.27393890388176634,-10.565342056596263,-10.785333944811068,0.5882492611845898,-0.6928874495960863,9.493434336564738,0.5816563825738599,-0.20792587855048142
sub-004,AD,ec_near,-10.491913429237014,-11.830965813126983,0.047801351195379836,0.6635356766044874,8.54389525955257,0.27393890388176634,-10.617494618818275,-10.860998058375197,0.561717140107808,-0.6680113528258912,9.676661870594787,0.5768557099093631,-0.1864765040185326
sub-005,AD,ec_all,-10.636001647494515,-11.45898653489012,0.15834768111410683,0.05383397388112967,9.465383151600019,0.43328407596730595,-10.960965043876994,-12.029402647832502,0.08389210650556751,0.3003505376052322,9.361384818999461,0.09657765539838958,0.20555907202497906
sub-005,AD,ec_near,-10.636001647494515,-11.45898653489012,0.15834768111410683,0.05383397388112967,9.465383151600019,0.43328407596730595,-10.975259209327024,-12.027466569168707,0.08712472814805482,0.2828735610590576,9.37429630354137,0.09628682922000499,0.20989077585648497
sub-006,AD,ec_all,-10.129340681379155,-10.26787820590597,0.6937717345910057,-1.3770328372979155,10.88236018772308,0.5516356920520378,-10.395956194730694,-11.274854887915941,0.13294602023408972,0.3024421129202238,9.247512680334053,0.445296419193431,0.5134896754706785
sub-006,AD,ec_near,-10.129340681379155,-10.26787820590597,0.6937717345910057,-1.3770328372979155,10.88236018772308,0.5516356920520378,-10.389346148612647,-11.212482926782043,0.14980735593167765,0.23960530031758903,9.293953538114172,0.46546837566604876,0.5625948853306654
sub-007,AD,ec_all,-10.440657447862828,-11.501570689923382,0.08680429940325185,0.5131398389175591,8.97268042611286,0.3877111875019545,-10.098854859729414,-10.7969389443228,0.20100503425491212,0.2592435765993238,8.906461537812621,0.36606872870680635,0.4764601687028229
sub-007,AD,ec_near,-10.440657447862828,-11.501570689923382,0.08680429940325185,0.5131398389175591,8.97268042611286,0.3877111875019545,-10.075260343126892,-10.771325118266814,0.20181116087734133,0.24716089066365568,8.910887149344616,0.3649953225433149,0.46030802056803466
sub-008,AD,ec_all,-9.935788007612658,-11.529392805308994,0.025701746752299647,0.3518960619110233,8.920062225589096,0.32642522793672923,-10.804986340008014,-11.317380990346242,0.2992837133600954,-0.4859954421168141,10.238888316126998,0.47823830633330316,0.09514872923190892
sub-008,AD,ec_near,-9.935788007612658,-11.529392805308994,0.025701746752299647,0.3518960619110233,8.920062225589096,0.32642522793672923,-10.834476589437458,-11.295361743877603,0.34174222416356426,-0.5541755801330895,10.077258467225079,0.49851347437485466,0.0576618129661017
sub-009,AD,ec_all,-10.367858173162343,-10.636513592299066,0.5315221793735904,-0.5906822538793626,10.262039297999545,0.45360289562588013,-10.71584660717224,-11.611949857812323,0.12047035663348406,0.19049556113668994,9.521957809718968,0.38026484835906865,0.5496383729657854
sub-009,AD,ec_near,-10.367858173162343,-10.636513592299066,0.5315221793735904,-0.5906822538793626,10.262039297999545,0.45360289562588013,-10.826461500758764,-11.599649778322027,0.16085803486540265,0.16494527469817455,9.532409277482978,0.38900447450631237,0.5638540131458069
sub-010,AD,ec_all,-10.726567008485342,-11.098872288366362,0.3976813644653097,-0.835069353473279,10.812738790504755,0.5486754678221715,-10.784824538750977,-11.542833324011038,0.1720471657407372,-0.2206534836640163,9.536717673019336,0.3458700277844356,0.5556902664837947
sub-010,AD,ec_near,-10.726567008485342,-11.098872288366362,0.3976813644653097,-0.835069353473279,10.812738790504755,0.5486754678221715,-10.78258054681825,-11.561950310209811,0.16424170915906605,-0.20154964577566084,9.620407934270121,0.3377657110865565,0.5410832156700446
sub-012,AD,ec_all,-10.37213475710501,-11.045006624068705,0.2093111059635617,-0.4963305761630571,9.378522761062204,0.4347067292760246,-10.56462738165459,-11.09032931996683,0.29435406767436956,-0.09991275139414668,9.34624447758627,0.5095427356196423,0.5988507557718278
sub-012,AD,ec_near,-10.37213475710501,-11.045006624068705,0.2093111059635617,-0.4963305761630571,9.378522761062204,0.4347067292760246,-10.464564491036567,-10.91192561992454,0.3564188445783642,-0.21621952033058034,9.3677080019005,0.5345677749532639,0.5681481712618623
sub-013,AD,ec_all,-10.507755054407484,-11.287376452408497,0.1487206879467169,0.1891197454939723,10.170004335978772,0.5144761880432895,-10.41758698813182,-11.305537224481967,0.12969239751398937,0.44504596990013034,8.737902212360602,0.35066776237686337,0.20575969207911016
sub-013,AD,ec_near,-10.507755054407484,-11.287376452408497,0.1487206879467169,0.1891197454939723,10.170004335978772,0.5144761880432895,-10.470243212396154,-11.276798554724914,0.1583463153074158,0.4000104766491799,8.768162684737801,0.3602689654419365,0.2311468775705415
sub-014,AD,ec_all,-10.354051369252296,-11.607199443074919,0.05572376046727504,0.4411544376540598,9.216835560569963,0.35397887637540826,-10.242684597026349,-10.372580627817879,0.6979269455059798,-1.015280160457712,9.059609451045288,0.6146244498265674,0.576979674455126
sub-014,AD,ec_near,-10.354051369252296,-11.607199443074919,0.05572376046727504,0.4411544376540598,9.216835560569963,0.35397887637540826,-10.237374493055544,-10.386068690611209,0.6547564918927206,-1.0735752518178308,9.193535473194377,0.6231841379451042,0.5846328985606773
sub-015,AD,ec_all,-10.430557710160285,-10.63814151341413,0.6059522676172518,-0.7238095441678587,9.58596655655918,0.5840164695487431,-10.313935818118196,-11.473161563087046,0.07754936087707143,0.36716774647755135,9.14170007525285,0.3224259976754528,0.016040508859679524
sub-016,AD,ec_all,-10.850994305157895,-12.033477887813119,0.06389426957449826,0.46243061496576465,9.043446057822205,0.3146517937773127,-9.96591293523552,-11.252801492011852,0.05112024673288729,0.8064114344440808,9.223931330461525,0.4132903217223457,0.646844285184476
sub-016,AD,ec_near,-10.850994305157895,-12.033477887813119,0.06389426957449826,0.46243061496576465,9.043446057822205,0.3146517937773127,-10.033259647302641,-11.173403342395204,0.07047301647247695,0.6160893574587216,9.304390056296299,0.44541045709725824,0.5357048826448647
sub-017,AD,ec_all,-10.313671810612913,-11.282924246397702,0.10919119175990587,0.3113996307572169,9.337927792453133,0.428816393679507,-10.600508077705268,-11.498200623934732,0.12765351373627445,0.5046819976544009,8.829787918214254,0.3323466670669157,0.12591244320489978
sub-017,AD,ec_near,-10.313671810612913,-11.282924246397702,0.10919119175990587,0.3113996307572169,9.337927792453133,0.428816393679507,-10.576812388617382,-11.478738637274146,0.12673235117621354,0.4805791983647637,9.03090114464905,0.331200199364784,0.24086765728038045
sub-018,AD,ec_all,-10.1268180774178,-10.82546451808734,0.20167823651267108,0.2622211399665376,9.012852320154705,0.3717027636818265,-10.276129359478842,-11.336924267545463,0.08699725379520748,0.5995174982707557,8.805652118458292,0.3973024710977411,0.24105344564022085
sub-018,AD,ec_near,-10.1268180774178,-10.82546451808734,0.20167823651267108,0.2622211399665376,9.012852320154705,0.3717027636818265,-10.379771148816051,-11.37095846834138,0.1023852256643938,0.5420649054700726,8.925164252280316,0.38725396021651376,0.20319787538394313
sub-019,AD,ec_all,-10.730958329567814,-11.25880583167269,0.28843668740087397,-0.6587057425902532,10.208284960552513,0.5148087861244767,-9.679926272658394,-10.905425388717008,0.05953098442195554,0.4953198194676708,8.491820721250804,0.33714483804583706,0.22496363420238644
sub-019,AD,ec_near,-10.730958329567814,-11.25880583167269,0.28843668740087397,-0.6587057425902532,10.208284960552513,0.5148087861244767,-9.765462666177157,-10.834957657011024,0.08488106577295332,0.3745385479779167,8.545562155975905,0.3623713243050152,0.3712789718152958
sub-020,AD,ec_all,-10.704391510541845,-11.569277289772852,0.12868717588611514,0.09948911716095693,9.792925091920386,0.3998073080136619,-10.44850568496244,-10.781748398294114,0.47793192804931434,-0.6364150164933973,9.343360318668948,0.619928644045638,0.43101476638591313
sub-020,AD,ec_near,-10.704391510541845,-11.569277289772852,0.12868717588611514,0.09948911716095693,9.792925091920386,0.3998073080136619,-10.433429022675577,-10.662152981303185,0.5767875109298551,-0.7642306289505447,9.39805557633186,0.6365653449938525,0.40145861591941273
sub-021,AD,ec_all,-10.640902399798486,-11.395956091746951,0.1784211701395184,-0.18286587150389502,9.503596631902392,0.3280917289620321,-10.538074149095682,-11.203414406096519,0.21567964554580524,0.22637615386644666,9.35513688350074,0.4093608793303024,0.5132756660356929
sub-021,AD,ec_near,-10.640902399798486,-11.395956091746951,0.1784211701395184,-0.18286587150389502,9.503596631902392,0.3280917289620321,-10.531824128010518,-11.080371553934016,0.2775779457372178,0.03654398011110516,9.487786459124653,0.443390916194965,0.3465493748422577
sub-022,AD,ec_all,-10.221870573915973,-11.080163303803683,0.1296264478408072,0.13893988327127282,9.075767803902366,0.4855402477513286,-10.826608965081308,-11.671400496578308,0.13777245097436472,0.33366511117888265,9.284209649199251,0.4318800503527215,0.47844973736679164
sub-022,AD,ec_near,-10.221870573915973,-11.080163303803683,0.1296264478408072,0.13893988327127282,9.075767803902366,0.4855402477513286,-10.791531359763663,-11.67392388942862,0.12543813547631974,0.3518795206897755,9.263971799476401,0.41331187122944346,0.4180041551832767
sub-025,AD,ec_all,-10.153025863792104,-10.298552597957475,0.685642192602801,-1.1616668616821737,9.248194308491332,0.6037368302749025,-9.8304239831952,-11.50079713276596,0.022367065241776424,0.4294057126662205,8.760203450595977,0.2981371008772556,0.3075794711749544
sub-025,AD,ec_near,-10.153025863792104,-10.298552597957475,0.685642192602801,-1.1616668616821737,9.248194308491332,0.6037368302749025,-9.851229072946154,-11.488330119047948,0.02431341019910688,0.4031348770108986,8.626166409089207,0.3022643293745796,0.3509931617043685
sub-028,AD,ec_all,-10.521433584163537,-11.430613850363075,0.12353215188695872,0.5103244620729331,8.896815234709292,0.34995647848011296,-10.22476354396305,-10.648903598789953,0.3998289713344138,-0.052628455341154595,8.98588436361092,0.5507617436006118,0.3305828584117135
sub-028,AD,ec_near,-10.521433584163537,-11.430613850363075,0.12353215188695872,0.5103244620729331,8.896815234709292,0.34995647848011296,-10.21106322927217,-10.62299676275546,0.4026439097339315,-0.09863274609135392,9.062787007299185,0.5627822380701689,0.33556977706354696
sub-035,AD,ec_all,-10.735277833266363,-11.883499801169092,0.07296762367133706,0.3066547272763596,9.01598362883174,0.18985522857571308,-10.736001355697695,-11.535101481786729,0.16378232727332534,0.11179235885850596,9.347331967433698,0.4133090236777393,0.11990872379248936
sub-035,AD,ec_near,-10.735277833266363,-11.883499801169092,0.07296762367133706,0.3066547272763596,9.01598362883174,0.18985522857571308,-10.70733984926974,-11.487055141149515,0.17360911114716165,0.07535483170784736,9.399895483845377,0.4196119169017197,0.09920032976315821
sub-037,CN,ec_all,-10.399301789368126,-10.746137113378092,0.437016770397646,-0.4199789430127369,8.617254736481355,0.5826768918355698,-10.434052853258738,-10.855637715189703,0.36025045042165094,-0.08160563734490682,8.355977674131275,0.5382562015363008,0.8902299116669176
sub-037,CN,ec_near,-10.399301789368126,-10.746137113378092,0.437016770397646,-0.4199789430127369,8.617254736481355,0.5826768918355698,-10.444401132313205,-10.880921340211732,0.3510852505838073,-0.03954380507517495,8.29370304050266,0.5377255865199329,0.8810314580076544
sub-038,CN,ec_all,-10.4649999141692,-10.911006326332233,0.36915940337910846,-0.734875588644339,9.919139024404437,0.5860887921097407,-10.03079563267834,-10.156158833678791,0.7059309653405494,-1.267510712440362,10.632204870643442,0.5689884239464261,0.6547933534437181
sub-038,CN,ec_near,-10.4649999141692,-10.911006326332233,0.36915940337910846,-0.734875588644339,9.919139024404437,0.5860887921097407,-10.038708740220056,-10.166004496876374,0.6988330226547012,-1.2418992048700046,10.624375688563164,0.5716364578837566,0.6547613411123114
sub-039,CN,ec_all,-10.192618341502747,-10.352110101271744,0.6793071390181381,-0.882368003856118,9.200853612375163,0.5499047660025335,-10.535552825162396,-11.073087421731499,0.28549234666371753,-0.20884932763342615,10.286741070122778,0.4959058939150233,0.4890494525339997
sub-039,CN,ec_near,-10.192618341502747,-10.352110101271744,0.6793071390181381,-0.882368003856118,9.200853612375163,0.5499047660025335,-10.537673184862763,-11.082404174384402,0.27849340329331024,-0.18955456188121467,10.31499068466071,0.5239872726644056,0.5515542634435671
sub-040,CN,ec_all,-10.055462206055061,-10.431404948014372,0.42889045382219126,-0.8199971500911956,9.224213227003506,0.5994342618276878,-9.937627071630603,-10.150928228078708,0.6030041230552695,-0.6319124762213912,9.578172529467578,0.5905560411654135,0.9300026584039947
sub-040,CN,ec_near,-10.055462206055061,-10.431404948014372,0.42889045382219126,-0.8199971500911956,9.224213227003506,0.5994342618276878,-9.911898867814227,-10.12293513785634,0.6056815252400761,-0.6250505971462612,9.529073341017341,0.5868902598101069,0.9376741279243423
sub-041,CN,ec_all,-10.33565338361237,-10.68239805218115,0.45354093737107165,-1.2188390773087097,10.740819515031637,0.6356797153831102,-10.166279891597819,-10.355224635807707,0.6446851910738202,-0.7648059545172357,9.759004459960012,0.5399532705247634,0.8999099482840186
sub-041,CN,ec_near,-10.33565338361237,-10.68239805218115,0.45354093737107165,-1.2188390773087097,10.740819515031637,0.6356797153831102,-10.1862360312708,-10.406168070174237,0.597758732448115,-0.6373011740472544,9.613435111111126,0.5131102787569956,0.8461176183345607
sub-042,CN,ec_all,-10.19512402893145,-10.47369990662369,0.48764951483698915,-0.9530940259853613,9.877855554327367,0.5886583517945273,-10.23123503109615,-10.45871645783051,0.5568797096192426,-0.9376186118425559,9.575758033947427,0.6422928631585738,0.8816860702907398
sub-042,CN,ec_near,-10.19512402893145,-10.47369990662369,0.48764951483698915,-0.9530940259853613,9.877855554327367,0.5886583517945273,-10.205473179953684,-10.430013595431863,0.5620666725214588,-0.9471890845762755,9.564323652384182,0.6428193541172689,0.877959022787036
sub-043,CN,ec_all,-10.534992411297958,-11.33575172213832,0.18141450738008574,-0.3976892906682941,9.717320276578596,0.5218087025111713,-10.147278389538043,-10.338337949955726,0.5911923060969357,-1.0809943649172087,10.003231749080324,0.6877585411469129,0.753024312538669
sub-043,CN,ec_near,-10.534992411297958,-11.33575172213832,0.18141450738008574,-0.3976892906682941,9.717320276578596,0.5218087025111713,-10.140198405377104,-10.334363612980777,0.5877060061940884,-1.0732950858862256,9.96985066803446,0.6938673585132341,0.7597944919350571
sub-044,CN,ec_all,-10.113093942829812,-10.286770531376503,0.6321167239587792,-1.1705754969694437,10.756758141593243,0.5517468828263438,-10.370113200545434,-10.841506180210402,0.3698676370206274,-0.136412925808933,8.742721918777095,0.5426939698128395,0.8490536368670932
sub-044,CN,ec_near,-10.113093942829812,-10.286770531376503,0.6321167239587792,-1.1705754969694437,10.756758141593243,0.5517468828263438,-10.465006585978657,-10.811607276340652,0.4838986188081214,-0.31235549236256827,8.88902175680215,0.5637257349812376,0.8213286589838898
sub-045,CN,ec_all,-10.518640841273438,-11.042020106059354,0.29244233907902306,-0.3119109298052232,10.573477576486459,0.38480645684499076,-10.233366342440577,-10.921556588177463,0.21157854758987887,-0.6168992978794531,9.801684987030384,0.5267579905697949,0.12431696624651851
sub-045,CN,ec_near,-10.518640841273438,-11.042020106059354,0.29244233907902306,-0.3119109298052232,10.573477576486459,0.38480645684499076,-9.906956419821746,-10.5639691914013,0.2213561487858889,-0.9685408385890523,10.068581246421447,0.5594758555585285,-0.02660100922895887
sub-046,CN,ec_all,-10.016663013842384,-10.273472990989468,0.5448582203145141,-0.5343837169942951,9.521342765978876,0.5695413925171275,-10.223316415441246,-11.088425477974987,0.13893433321207171,0.04386971096573687,9.659344344448513,0.4546090125797934,0.8730492881733505
sub-046,CN,ec_near,-10.016663013842384,-10.273472990989468,0.5448582203145141,-0.5343837169942951,9.521342765978876,0.5695413925171275,-10.226674596410078,-11.054099905492325,0.15068825190070065,0.02449808586864931,9.759469978337522,0.4636967528309382,0.8896506322512033
sub-047,CN,ec_all,-10.225465351783285,-10.476672581837205,0.5932353781293944,-0.8519167675427751,9.926297524388323,0.555788638332606,-10.22067663663792,-10.55708111535774,0.4700896863345153,-0.21077407832312908,8.673853651849303,0.5214925823794725,0.8610778836946101
sub-047,CN,ec_near,-10.225465351783285,-10.476672581837205,0.5932353781293944,-0.8519167675427751,9.926297524388323,0.555788638332606,-10.199860111315205,-10.509616816275292,0.49490535859912654,-0.2678229949824991,8.758826856522452,0.5338421883792484,0.8664863072970481
sub-048,CN,ec_all,-10.172836276544508,-10.486619001567346,0.46191345751159424,-0.8968255043864265,9.739056356932371,0.6108218171785024,-10.017118629514497,-10.169003819759773,0.68583821861394,-0.8175839049696245,9.746958247683981,0.5985333974359123,0.9201669228030279
sub-048,CN,ec_near,-10.172836276544508,-10.486619001567346,0.46191345751159424,-0.8968255043864265,9.739056356932371,0.6108218171785024,-10.020364978748614,-10.161759880260094,0.7003067718299507,-0.8839413406038159,9.867564405485046,0.6077441418368817,0.9287758226788773
sub-049,CN,ec_all,-10.10739570436352,-10.298484498692833,0.6234644921820902,-1.0585748590294146,10.03916927724208,0.6681358721246171,-10.374344376172804,-10.709698071447228,0.44312017971132367,-0.94862567475311,10.843879842531255,0.5215232615868405,0.628853888052
sub-049,CN,ec_near,-10.10739570436352,-10.298484498692833,0.6234644921820902,-1.0585748590294146,10.03916927724208,0.6681358721246171,-10.512263215662442,-10.96554378461837,0.33955743941682953,-0.8052937386341571,10.851168297752224,0.48682166682349803,0.5547526232290279
sub-050,CN,ec_all,-10.359938295566591,-10.745521538695,0.42225815822472956,-0.26595652219912486,8.862229643585804,0.5794423759056058,-10.092992978139947,-10.207523178875883,0.773910386202384,-0.858000403986115,9.086962192296289,0.553726097903609,0.885154831016889
sub-050,CN,ec_near,-10.359938295566591,-10.745521538695,0.42225815822472956,-0.26595652219912486,8.862229643585804,0.5794423759056058,-10.087650804354752,-10.209971497764423,0.761199285199326,-0.8135223494801901,9.053402328511757,0.5569863092983861,0.8613317183370945
sub-051,CN,ec_all,-10.429358567826283,-10.850718053971388,0.37916991145738665,-0.7651738214749843,9.767649006356129,0.5410906809443305,-10.364158049677435,-10.610606722210223,0.501744954103758,-0.751418186295349,10.428769806503709,0.5765150104179744,0.7404030926890779
sub-051,CN,ec_near,-10.429358567826283,-10.850718053971388,0.37916991145738665,-0.7651738214749843,9.767649006356129,0.5410906809443305,-10.336114291590743,-10.556881179456836,0.5135589113322645,-0.8305070608694303,10.497278928351784,0.6109728224651926,0.7640395472114959
sub-052,CN,ec_all,-10.238254045873358,-10.529830411052638,0.4771862371721051,-0.7505458006324934,9.858257809785279,0.577533769472167,-10.447872896107919,-10.821133242639524,0.38833608614056947,-0.5878809627923156,9.115659104906026,0.5209528506116686,0.8028036959534371
sub-052,CN,ec_near,-10.238254045873358,-10.529830411052638,0.4771862371721051,-0.7505458006324934,9.858257809785279,0.577533769472167,-10.347858432084788,-10.648990222040924,0.4567244842157547,-0.7051577793163242,9.064050234480392,0.5495397338450594,0.806629327446523
sub-053,CN,ec_all,-10.04086738205665,-10.336451540073032,0.4834913844430311,-0.4318833566599154,8.827907920690258,0.5473472721890169,-10.863388953782959,-11.485783617060799,0.26098602207515326,-0.3993835902798619,9.837778687494383,0.45663808754176854,0.4186440012393406
sub-053,CN,ec_near,-10.04086738205665,-10.336451540073032,0.4834913844430311,-0.4318833566599154,8.827907920690258,0.5473472721890169,-10.941230389219,-11.557913108651652,0.25163514958426886,-0.39352421222631445,9.97480545083849,0.46038294989084433,0.501216927292074
sub-054,CN,ec_all,-10.050453295186612,-10.236399925889444,0.5957905252664588,-0.7575472117717396,9.777258907626958,0.6022548871527269,-10.77979630040396,-11.658612080077203,0.12900320522034778,-0.2817189760998443,10.422028827891673,0.4253982313364409,0.18210447010510555
sub-054,CN,ec_near,-10.050453295186612,-10.236399925889444,0.5957905252664588,-0.7575472117717396,9.777258907626958,0.6022548871527269,-10.731607986736188,-11.478344868606728,0.1687082824904805,-0.4614497949616762,10.710922599118476,0.5016527322979065,0.2125955760610561
sub-055,CN,ec_all,-10.220264087890099,-10.477658882863304,0.4845060574263421,-1.20049111735086,11.027752141447927,0.6259972153591166,-10.368383239971756,-10.6377450491948,0.48353155831058664,-1.1066640580813265,9.649199239504105,0.5996700277919897,0.8045440723092805
sub-055,CN,ec_near,-10.220264087890099,-10.477658882863304,0.4845060574263421,-1.20049111735086,11.027752141447927,0.6259972153591166,-10.663818602220985,-11.367318215593878,0.190595284930084,-0.4677425483132283,9.856924098473515,0.4875339119816804,0.6682979338100975
sub-056,CN,ec_all,-10.154388412436663,-10.277099026739394,0.7585142954246996,-0.9820418237017211,9.249128139298449,0.5438397038412666,-10.616666809912429,-10.979278117253552,0.38370645059829495,-0.7056367136174868,10.13266027056563,0.6328299817914204,0.6855505989583828
sub-056,CN,ec_near,-10.154388412436663,-10.277099026739394,0.7585142954246996,-0.9820418237017211,9.249128139298449,0.5438397038412666,-10.593232088159166,-10.920330820425042,0.41648544444088426,-0.7660696842874211,10.202145601283858,0.6445086836338101,0.6922349845080862
sub-057,CN,ec_all,-10.29621562466217,-10.561843687188977,0.4805737513632278,-0.6814677918942305,10.638073037065325,0.5894003200941649,-10.068992269262859,-10.187977992168705,0.7640449308660624,-0.8861811047134692,9.09260443504828,0.5180164108325884,-0.14599482087373894
sub-057,CN,ec_near,-10.29621562466217,-10.561843687188977,0.4805737513632278,-0.6814677918942305,10.638073037065325,0.5894003200941649,-10.025070757434404,-10.130039928445486,0.7890952139130871,-0.9429336299371022,9.092835967364078,0.5633755724703289,-0.020873303881919998
sub-058,CN,ec_all,-10.233060034584147,-10.488758008585847,0.5240557759933077,-0.8995379513800568,9.260982800897262,0.5492539647987387,-10.338873547508861,-10.633023980463731,0.484686209914305,-0.6634553334453915,9.19579666636007,0.59541878174716,0.7339359678846761
sub-058,CN,ec_near,-10.233060034584147,-10.488758008585847,0.5240557759933077,-0.8995379513800568,9.260982800897262,0.5492539647987387,-10.408320289349081,-10.856981987193114,0.3353980412706648,-0.5199216284738094,9.160418911025321,0.5773450153295033,0.7056257239657504
sub-059,CN,ec_all,-10.796763613490473,-11.352616770609767,0.29860094442692414,-0.5313234543877634,9.84809756337931,0.48929159928738897,-10.567909707933477,-11.101137114973083,0.28531778493777293,-0.8591418261249971,10.524814479805807,0.6006260158163031,0.5507850579256903
sub-059,CN,ec_near,-10.796763613490473,-11.352616770609767,0.29860094442692414,-0.5313234543877634,9.84809756337931,0.48929159928738897,-10.49005403904981,-10.902120593261492,0.3690739324011187,-1.039439642839251,10.558751906143065,0.6261949030478721,0.5415291576891145
sub-060,CN,ec_all,-10.684916697118652,-11.47721571883183,0.15883461898736767,-0.42362781662887306,10.545070331814928,0.5030251385195657,-10.251886372549396,-10.495281096823474,0.5494029006451592,-0.8541694543465922,9.78061564151535,0.5616837764124623,0.7987362938870697
sub-060,CN,ec_near,-10.684916697118652,-11.47721571883183,0.15883461898736767,-0.42362781662887306,10.545070331814928,0.5030251385195657,-10.254698517759023,-10.506135991985914,0.5227161480766689,-0.8518471577931555,9.673951645630272,0.5483423597849801,0.8242756096248447
sub-061,CN,ec_all,-10.530933019398548,-10.766558646451053,0.5259861137637063,-1.1274461668492308,9.786640397786515,0.6449488367014935,-10.640703394439486,-11.531831130373812,0.14813629025043046,-0.2630582148555106,10.03240562130984,0.48256428134088375,0.6246883762006346
sub-061,CN,ec_near,-10.530933019398548,-10.766558646451053,0.5259861137637063,-1.1274461668492308,9.786640397786515,0.6449488367014935,-10.634056524427773,-11.525085304321916,0.1477629617022679,-0.26984955255259013,10.04627172103064,0.482840468671199,0.6317484070710979
sub-062,CN,ec_all,-10.423058649140938,-10.899304528841649,0.34358598462833384,-0.7357532075188201,9.3348484011821,0.4947680034531351,-10.310958160366052,-10.786421791475368,0.3276121122099714,-0.584823367605366,9.217697747641378,0.482637317240628,0.8633810008602982
sub-062,CN,ec_near,-10.423058649140938,-10.899304528841649,0.34358598462833384,-0.7357532075188201,9.3348484011821,0.4947680034531351,-10.308566803711214,-10.780711921267997,0.331540234341887,-0.6238901377750128,9.245701985171982,0.49442938924594204,0.8281424286002804
sub-063,CN,ec_all,-10.602193391188223,-11.00162006975769,0.3556479228123903,-0.6940025091043024,10.242454752289628,0.6220675321737713,-9.626907118230747,-9.74477496955926,0.7346668197508187,-1.047715658521353,9.437762526808557,0.6352692388364448,0.7797889647334914
sub-063,CN,ec_near,-10.602193391188223,-11.00162006975769,0.3556479228123903,-0.6940025091043024,10.242454752289628,0.6220675321737713,-9.630473834117055,-9.747148866731798,0.7336449982232777,-1.062308118235459,9.455297669775923,0.6396056463842492,0.7868182924830813
sub-064,CN,ec_all,-9.678869993313654,-9.806862011104357,0.7153725411448308,-1.0863607190759637,9.486968673537197,0.6347467593143422,-10.27847314189847,-11.12818942229828,0.14492789950696033,0.07310558829251072,9.642663422996772,0.45368953181853405,0.6412922310739797
sub-064,CN,ec_near,-9.678869993313654,-9.806862011104357,0.7153725411448308,-1.0863607190759637,9.486968673537197,0.6347467593143422,-10.263423180199819,-11.092014946694455,0.15162759453897096,0.06500855356681132,9.738523981097304,0.46091659048552874,0.6675716672687634
sub-065,CN,ec_all,-10.65578689257013,-11.049593509641817,0.3548157639321689,-0.8996656678617604,10.575748629375676,0.64444679600701,-10.38216825774806,-10.567914604035446,0.6425529760411129,-0.7694140200531873,9.350840769529187,0.5113549236556271,0.4000311941538343
sub-066,FTD,ec_all,-10.021107862286069,-10.888936938097558,0.13546834478068512,0.25535252111818957,8.431631880126764,0.4435464869101009,-10.882008021995226,-11.907474475582609,0.090831847651429,0.005952585665883607,10.130840014385731,0.11820778916561445,-0.35621817972601294
sub-066,FTD,ec_near,-10.021107862286069,-10.888936938097558,0.13546834478068512,0.25535252111818957,8.431631880126764,0.4435464869101009,-10.896546069112137,-11.900239492318667,0.09411767312893453,0.08703541763307539,9.912022727529505,0.10868997632841841,-0.35886058440535534
sub-067,FTD,ec_all,-10.343221171911333,-10.849943090334618,0.3230593881782946,-0.9441063827327398,11.219975731893964,0.3745885312979347,-10.813829814112278,-11.158185665668277,0.4315991349873466,-0.5016154371617481,9.303385537586284,0.5349001901613734,0.2663926083418916
sub-067,FTD,ec_near,-10.343221171911333,-10.849943090334618,0.3230593881782946,-0.9441063827327398,11.219975731893964,0.3745885312979347,-10.811918439440626,-11.148803843648041,0.4352696136646557,-0.48576338919705037,9.301171436396485,0.5353333583434305,0.25867202525021626
sub-068,FTD,ec_all,-10.583799982340532,-10.890573819795566,0.48989499466953684,-0.779869560156986,9.514358116262892,0.5856999186027348,-10.93901965895241,-11.297385955226888,0.40719438556534504,-0.5848064695161331,9.35070323502371,0.49946006739592985,0.54433279589359
sub-068,FTD,ec_near,-10.583799982340532,-10.890573819795566,0.48989499466953684,-0.779869560156986,9.514358116262892,0.5856999186027348,-10.937709275643229,-11.293602069127973,0.4085437744416391,-0.5843081069524969,9.356584400069874,0.4811854882039339,0.4995329190799706
sub-069,FTD,ec_all,-9.761239119990753,-10.46910766648002,0.19928836788155396,0.33118469918913024,8.204343814129428,0.48171993571580807,-10.10493383963632,-10.304882199100735,0.5635432999241483,-0.7744752224201031,10.48142553760248,0.6217954360207638,0.19024726388230273
sub-069,FTD,ec_near,-9.761239119990753,-10.46910766648002,0.19928836788155396,0.33118469918913024,8.204343814129428,0.48171993571580807,-10.045794271322382,-10.213205420058108,0.5995069806959528,-0.8604115344937086,10.563226484512732,0.6413760021521315,0.18921630032955458
sub-070,FTD,ec_all,-10.84502735091698,-11.489753025069255,0.23380443933690107,-0.22167917256873035,9.751720027664962,0.35438370328925856,-10.52549908770257,-11.3397287837171,0.15288765038548222,0.007370859222065065,9.715652080210976,0.40767822405756715,0.26248899710346174
sub-070,FTD,ec_near,-10.84502735091698,-11.489753025069255,0.23380443933690107,-0.22167917256873035,9.751720027664962,0.35438370328925856,-10.525502719327465,-11.308763619729886,0.16409454904890047,-0.0320487075798761,9.73299308248808,0.41209303798703717,0.34650674158223593
sub-071,FTD,ec_all,-10.449532508108044,-10.743871724639952,0.5071115987973076,-0.7493698428799348,9.881936673929298,0.5032884389961763,-10.746636826971455,-11.492698823686716,0.1688667829773385,-0.38866270249070356,10.422662114011871,0.46545845816796955,0.6149537321332808
sub-071,FTD,ec_near,-10.449532508108044,-10.743871724639952,0.5071115987973076,-0.7493698428799348,9.881936673929298,0.5032884389961763,-10.719472944914626,-11.408063599978936,0.19308099646755653,-0.4778003563494757,10.431813051006703,0.48703330082529894,0.6574952657444292
sub-072,FTD,ec_all,-10.07621758535431,-11.362200316557669,0.052754437668349786,0.5264548692126841,8.622364209560645,0.3789031119600934,-10.960125648963153,-11.76615084653282,0.16470773405928255,-0.14719290606259766,10.094782043421896,0.29356121728866763,0.16727109837174656
sub-072,FTD,ec_near,-10.07621758535431,-11.362200316557669,0.052754437668349786,0.5264548692126841,8.622364209560645,0.3789031119600934,-10.920023370319,-11.735481808557344,0.17685480209067952,-0.19061432228596967,10.248738896871748,0.29792491297323337,0.1750424360814774
sub-073,FTD,ec_all,-10.777714105463547,-11.056770003324509,0.48906331728957037,-0.5985908667057064,9.469099890606248,0.5440900354671862,-10.563572414985323,-10.891462770124814,0.42910439623418,-0.8065269419210893,9.945638345169488,0.5513833455608145,0.8391355725180631
sub-073,FTD,ec_near,-10.777714105463547,-11.056770003324509,0.48906331728957037,-0.5985908667057064,9.469099890606248,0.5440900354671862,-10.581281709895775,-10.905544479546423,0.4208347935859584,-0.8501451001229926,10.000929995565134,0.5056557420995657,0.7425512180385662
sub-074,FTD,ec_all,-10.573414719551643,-10.99960958397396,0.3592963881820682,-0.5570360585583721,9.528925306767494,0.5304363556504791,-10.0211895212024,-10.13850679441156,0.7285244241580652,-1.1871074937745143,9.748435649902742,0.6372007164857759,0.848086358357587
sub-074,FTD,ec_near,-10.573414719551643,-10.99960958397396,0.3592963881820682,-0.5570360585583721,9.528925306767494,0.5304363556504791,-10.015730719105312,-10.131624645380747,0.7342426313789076,-1.1812780171846626,9.738876142964873,0.6400724998720249,0.8769186765914438
sub-075,FTD,ec_all,-10.17304309367175,-10.37945632464014,0.5697851700842912,-0.719359747212923,10.314480833164144,0.6393860317348264,-11.021344622045223,-11.563489913430459,0.27698235418268985,-0.12541418522019665,9.464119471030978,0.405700677620127,0.4908353015232067
sub-075,FTD,ec_near,-10.17304309367175,-10.37945632464014,0.5697851700842912,-0.719359747212923,10.314480833164144,0.6393860317348264,-11.028438308992502,-11.536263360386773,0.29901438559350807,-0.17068965001817132,9.511610260068087,0.43229153951610816,0.5582252917748574
sub-076,FTD,ec_all,-10.51987882390714,-11.313414892495887,0.15969267851858263,-0.06214148992039982,9.61358935915694,0.39793907530511236,-10.586008034968447,-10.977504820225288,0.38585166605531124,-0.5434892109781236,9.362011410788332,0.5327391139584574,0.3866230256652342
sub-076,FTD,ec_near,-10.51987882390714,-11.313414892495887,0.15969267851858263,-0.06214148992039982,9.61358935915694,0.39793907530511236,-10.534096545320844,-10.838340180091524,0.46584539250390183,-0.697260974181179,9.476440604575865,0.5662770536687707,0.4184603691035216
sub-077,FTD,ec_all,-10.821860405704026,-11.588064930970596,0.16259341657555712,-0.3538663085904101,10.318545448082874,0.5016127922461948,-10.438748623337016,-11.87081952817703,0.03950717323497525,0.7591013696195517,8.872910887362858,0.2368040748662435,0.18092947962755437
sub-078,FTD,ec_all,-10.796084947234734,-11.741578119451566,0.11895288754858314,-0.14582747683457375,10.124678809469376,0.3050368613698274,-10.528598162477829,-11.33663059919161,0.15504008471876674,-2.8952719773098118e-05,9.72905396107853,0.4091347604316888,0.28821866785607986
sub-078,FTD,ec_near,-10.796084947234734,-11.741578119451566,0.11895288754858314,-0.14582747683457375,10.124678809469376,0.3050368613698274,-10.524016977974794,-11.304248974872253,0.16534728968872242,-0.034316775358044053,9.739236298272461,0.4105026184944875,0.39974918354672573
