task,variant,label,n_features,auc,lo,hi,diff,d_lo,d_hi,p
AD_vs_CN,main,Day 8 main result,94,0.8107279693486589,0.7168558429118773,0.8960751915708811,0.0,0.0,0.0,1.0
AD_vs_CN,E2,2 s epochs,94,0.8117816091954022,0.7229789272030652,0.8942528735632184,0.0010536398467433372,-0.015617816091954029,0.017624521072796887,0.909
AD_vs_CN,R100,reject at 100 uV,94,0.7933908045977012,0.7008596743295019,0.8819923371647509,-0.0173371647509577,-0.04434865900383145,0.008716475095785329,0.177
AD_vs_CN,R200,reject at 200 uV,94,0.8051724137931036,0.7172365900383142,0.8869851532567049,-0.005555555555555314,-0.02864224137931044,0.017528735632183934,0.631
AD_vs_CN,no_delta,no delta features,80,0.8055555555555556,0.7096599616858237,0.8908117816091954,-0.005172413793103292,-0.03716954022988497,0.02557950191570868,0.772
AD_vs_CN,logTAR_only,theta/alpha ratios only,7,0.8265325670498085,0.7291163793103448,0.9095977011494253,0.015804597701149614,-0.023663793103448266,0.05699473180076614,0.44
AD_vs_CN,posterior_only,posterior features only,16,0.8282567049808429,0.7313074712643678,0.9141786398467432,0.017528735632184045,-0.013026819923371624,0.049149904214559496,0.272
FTD_vs_CN,main,Day 8 main result,94,0.727742946708464,0.6017123824451411,0.836065830721003,0.0,0.0,0.0,1.0
FTD_vs_CN,E2,2 s epochs,94,0.7189655172413794,0.5915360501567398,0.8252468652037618,-0.008777429467084596,-0.034796238244514055,0.013479623824451451,0.477
FTD_vs_CN,R100,reject at 100 uV,94,0.7242946708463949,0.5938793103448275,0.840172413793103,-0.0034482758620690834,-0.050156739811912265,0.04153605015673989,0.893
FTD_vs_CN,R200,reject at 200 uV,94,0.7501567398119121,0.6264890282131661,0.8548863636363634,0.022413793103448154,-0.0040752351097177505,0.05157523510971782,0.107
FTD_vs_CN,no_delta,no delta features,80,0.742319749216301,0.6126880877742947,0.8544004702194358,0.014576802507836994,-0.008785266457680204,0.03902821316614414,0.238
FTD_vs_CN,logTAR_only,theta/alpha ratios only,7,0.7307210031347962,0.5911794670846395,0.8567515673981192,0.0029780564263321985,-0.07429467084639496,0.08401645768025078,0.97
FTD_vs_CN,posterior_only,posterior features only,16,0.6976489028213166,0.5618926332288403,0.8167789968652037,-0.030094043887147315,-0.1045454545454545,0.041230407523511016,0.394
