matching,AD,CN,age_diff
age,sub-001,sub-037,0
age,sub-002,sub-054,0
age,sub-003,sub-039,0
age,sub-004,sub-055,0
age,sub-005,sub-045,0
age,sub-006,sub-040,0
age,sub-008,sub-038,0
age,sub-009,sub-041,0
age,sub-011,sub-060,0
age,sub-012,sub-046,0
age,sub-013,sub-044,0
age,sub-014,sub-059,0
age,sub-016,sub-050,0
age,sub-018,sub-052,0
age,sub-019,sub-049,0
age,sub-020,sub-065,0
age,sub-027,sub-062,0
age,sub-033,sub-043,0
age,sub-034,sub-051,0
age,sub-010,sub-047,1
age,sub-015,sub-058,1
age,sub-024,sub-053,1
age,sub-031,sub-063,1
age,sub-017,sub-061,2
age,sub-022,sub-064,2
age_sex,sub-003,sub-039,0
age_sex,sub-005,sub-053,0
age_sex,sub-008,sub-038,0
age_sex,sub-009,sub-041,0
age_sex,sub-012,sub-046,0
age_sex,sub-013,sub-044,0
age_sex,sub-014,sub-059,0
age_sex,sub-015,sub-040,0
age_sex,sub-018,sub-052,0
age_sex,sub-019,sub-049,0
age_sex,sub-034,sub-051,0
age_sex,sub-010,sub-050,1
age_sex,sub-011,sub-043,1
age_sex,sub-021,sub-054,1
age_sex,sub-024,sub-045,1
age_sex,sub-033,sub-060,1
age_sex,sub-006,sub-061,2
age_sex,sub-016,sub-047,2
age_sex,sub-023,sub-058,2
age_sex,sub-004,sub-056,3
age_sex,sub-020,sub-042,3
age_sex,sub-022,sub-065,3
