task,features,model,pooled,foldwise,foldwise_sd,folds_below_half,fold_offset_sd,diff
AD_vs_CN,region,dummy,0.5,0.5,0.0,0.0,0.0,0.0
AD_vs_CN,region,logreg,0.8107279693486589,0.8257619047619046,0.11340677892290625,0.0,0.09781645878501768,0.015033935413245714
AD_vs_CN,region,linsvm,0.8096264367816092,0.7935833333333333,0.19411762139325256,0.04,0.07623187354024148,-0.016043103448275864
AD_vs_CN,region,rbfsvm,0.8283524904214559,0.8299047619047619,0.1164968735286493,0.02,0.07561258485006767,0.0015522714833060558
AD_vs_CN,region,rf,0.8419061302681993,0.8507261904761906,0.1080975515013618,0.0,0.08735282766299278,0.00882006020799131
AD_vs_CN,region,knn,0.8223659003831418,0.8305595238095236,0.1002227260302032,0.02,0.08981061180442944,0.008193623426381746
AD_vs_CN,channel,dummy,0.5,0.5,0.0,0.0,0.0,0.0
AD_vs_CN,channel,logreg,0.8442528735632184,0.8589999999999999,0.12037478322046585,0.0,0.10176218080818585,0.014747126436781444
AD_vs_CN,channel,linsvm,0.8305555555555555,0.8441904761904762,0.1176425752446965,0.0,0.09107031991628045,0.013634920634920666
AD_vs_CN,channel,rbfsvm,0.8650862068965518,0.8765476190476188,0.09628627066392874,0.0,0.09756445731619368,0.011461412151066996
AD_vs_CN,channel,rf,0.8501915708812261,0.8619285714285714,0.10274636892139113,0.0,0.0922425816286611,0.011737000547345278
AD_vs_CN,channel,knn,0.8554597701149425,0.8660357142857142,0.09447577419863168,0.0,0.10560799710836073,0.01057594417077179
AD_vs_CN,age_sex,logreg,0.6242816091954023,0.6579047619047619,0.13921467663459983,0.14,0.012645096776004882,0.03362315270935956
FTD_vs_CN,region,dummy,0.5,0.5,0.0,0.0,0.0,0.0
FTD_vs_CN,region,logreg,0.727742946708464,0.7623000000000001,0.1539418685377337,0.12,0.08479918605358762,0.03455705329153613
FTD_vs_CN,region,linsvm,0.7195141065830721,0.7447333333333335,0.18113971280631855,0.1,0.0639092359384816,0.025219226750261337
FTD_vs_CN,region,rbfsvm,0.6847962382445142,0.6895333333333332,0.20373431500636097,0.12,0.06632717500868776,0.004737095088819032
FTD_vs_CN,region,rf,0.7458463949843261,0.7766999999999998,0.15197057098150432,0.06,0.07527941837199487,0.03085360501567369
FTD_vs_CN,region,knn,0.7121473354231975,0.7395333333333335,0.13622817460259665,0.06,0.08831603881804002,0.027385997910135962
FTD_vs_CN,channel,dummy,0.5,0.5,0.0,0.0,0.0,0.0
FTD_vs_CN,channel,logreg,0.7857366771159874,0.7965000000000001,0.13764578130517155,0.04,0.08730056916691165,0.010763322884012716
FTD_vs_CN,channel,linsvm,0.7900470219435738,0.7863333333333334,0.16881778473977332,0.1,0.06937893775367517,-0.003713688610240351
FTD_vs_CN,channel,rbfsvm,0.7547021943573667,0.7707999999999999,0.19108004140208423,0.08,0.07878213492732591,0.01609780564263319
FTD_vs_CN,channel,rf,0.7704545454545454,0.7939166666666666,0.16098949672433777,0.1,0.07955440991403186,0.023462121212121212
FTD_vs_CN,channel,knn,0.7246081504702194,0.7448333333333332,0.1334839773988707,0.0,0.09262407552190237,0.02022518286311381
FTD_vs_CN,age_sex,logreg,0.566692789968652,0.56455,0.17209664678120062,0.36,0.02057296551152942,-0.0021427899686520258
AD_vs_FTD,region,dummy,0.5,0.5,0.0,0.0,0.0,0.0
AD_vs_FTD,region,logreg,0.5779040404040403,0.6077857142857143,0.15852698460179826,0.2,0.039754712291426596,0.029881673881673954
AD_vs_FTD,region,linsvm,0.44545454545454544,0.42494642857142856,0.1827243353164453,0.52,0.039051726886412785,-0.020508116883116878
AD_vs_FTD,region,rbfsvm,0.4374368686868687,0.38972321428571427,0.14729508666010957,0.8,0.06034507241517945,-0.04771365440115444
AD_vs_FTD,region,rf,0.513510101010101,0.5245267857142857,0.17535187860333687,0.38,0.06868256227815986,0.01101668470418471
AD_vs_FTD,region,knn,0.5513888888888888,0.5792321428571429,0.15877147231451363,0.22,0.06960663496003303,0.027843253968254045
AD_vs_FTD,channel,dummy,0.5,0.5,0.0,0.0,0.0,0.0
AD_vs_FTD,channel,logreg,0.6039141414141413,0.6127857142857143,0.16885375117454243,0.22,0.09570429425534847,0.00887157287157292
AD_vs_FTD,channel,linsvm,0.5496212121212122,0.5549732142857143,0.19115080982048052,0.3,0.05069918435976857,0.0053520021645021565
AD_vs_FTD,channel,rbfsvm,0.5151515151515152,0.5049107142857142,0.2036222720028736,0.4,0.054253482606100745,-0.010240800865801036
AD_vs_FTD,channel,rf,0.6109848484848486,0.6342946428571429,0.14824745998142388,0.12,0.07974618818109781,0.0233097943722943
AD_vs_FTD,channel,knn,0.58364898989899,0.6147232142857144,0.1588214800206316,0.22,0.08610616595907221,0.03107422438672447
AD_vs_FTD,age_sex,logreg,0.6135101010101011,0.6307232142857143,0.15141448010792113,0.14,0.0059044305693164165,0.017213113275613257
3class,region,dummy,0.5,0.5,0.0,0.0,,0.0
3class,region,logreg,0.6782359050396632,0.6889954489954491,0.0820243155834268,0.0,,0.010759543955785822
3class,region,linsvm,0.6668771518855453,0.6773942261442261,0.07028103080863961,0.02,,0.010517074258680759
3class,region,rbfsvm,0.672966647727903,0.6877025937025938,0.06903371250405696,0.0,,0.014735945974690745
3class,region,rf,0.6841985873873101,0.6971182613682614,0.08915787424262472,0.0,,0.012919673980951285
3class,region,knn,0.675118615971359,0.683832843082843,0.08067305120965702,0.02,,0.008714227111483952
3class,channel,dummy,0.5,0.5,0.0,0.0,,0.0
3class,channel,logreg,0.7006062090340843,0.7113210678210677,0.08077943218634384,0.0,,0.010714858786983417
3class,channel,linsvm,0.6952210000279525,0.7044676434676436,0.0707485488181938,0.02,,0.00924664343969106
3class,channel,rbfsvm,0.7120558710919159,0.7292987845487845,0.0758360826505627,0.0,,0.01724291345686857
3class,channel,rf,0.7178155326617709,0.7289081474081476,0.07300002685480049,0.0,,0.011092614746376683
3class,channel,knn,0.6991049287004731,0.702898541273541,0.06575809834273273,0.0,,0.0037936125730678727
3class,age_sex,logreg,0.5735337517596616,0.5855572668072668,0.10759329077904523,0.2,,0.012023515047605238
