feature,AD_median,CN_median,AUC,direction,p,q
logTAR__temporal,0.2391802262954975,-0.5866280734649877,0.8840996168582376,AD higher,1.2548821430696315e-07,4.8951026083903705e-06
logTAR__occipital,0.08294556709576364,-0.8439998231043135,0.8764367816091954,AD higher,2.2219386328364766e-07,4.8951026083903705e-06
logTAR__global,0.22680717157430275,-0.5872394920970563,0.8735632183908046,AD higher,2.7451792868357486e-07,4.8951026083903705e-06
logTAR__frontal,0.278047746345493,-0.5112700855845421,0.8726053639846744,AD higher,2.944672759123743e-07,4.8951026083903705e-06
logTAR__posterior,0.17173819017976286,-0.7557494253910153,0.8726053639846744,AD higher,2.944672759123743e-07,4.8951026083903705e-06
logTAR__parietal,0.2235607951221543,-0.7184245622538037,0.8716475095785441,AD higher,3.1581307150905615e-07,4.8951026083903705e-06
logTAR__central,0.2041107049509196,-0.4990537424087686,0.8486590038314177,AD higher,1.6103205899254247e-06,2.139425926615207e-05
logSlowFast__temporal,0.46850462065052134,-0.1680974223090572,0.8419540229885057,AD higher,2.5429346448887287e-06,2.9561615246831472e-05
alpha_height,0.6267663630201454,1.521679460282952,0.8362068965517242,AD lower,3.7373915376874122e-06,3.8619712556103264e-05
rel_theta__parietal,0.1881893459147955,0.071482987879673,0.8314176245210728,AD higher,5.127751119775702e-06,3.9058887464253436e-05
rel_theta__frontal,0.1836176939759135,0.0802804978516788,0.8314176245210728,AD higher,5.127751119775702e-06,3.9058887464253436e-05
logSlowFast__occipital,0.4199026031470785,-0.2806881529617524,0.8314176245210728,AD higher,5.127751119775702e-06,3.9058887464253436e-05
logSlowFast__posterior,0.4332981689571151,-0.2416635132626726,0.8304597701149425,AD higher,5.45984448425048e-06,3.9058887464253436e-05
rel_theta__posterior,0.18984946661992919,0.069360646016089,0.828544061302682,AD higher,6.1868375802057775e-06,4.072201358076985e-05
rel_theta__occipital,0.16577201194165356,0.0652717746620461,0.8275862068965517,AD higher,6.584212663123038e-06,4.072201358076985e-05
logSlowFast__global,0.5448943333592764,-0.0733446553914286,0.8266283524904214,AD higher,7.005937820347501e-06,4.072201358076985e-05
rel_alpha__occipital,0.15650635343690314,0.5049080641539023,0.8227969348659003,AD lower,8.965803382708e-06,4.665709184401411e-05
rel_theta__temporal,0.19847471488600177,0.0785204697582354,0.8218390804597702,AD higher,9.532094032648043e-06,4.665709184401411e-05
rel_theta__central,0.2095455826921942,0.0847767945046883,0.8218390804597702,AD higher,9.532094032648043e-06,4.665709184401411e-05
rel_theta__global,0.1845445132401309,0.0764008789105593,0.8208812260536399,AD higher,1.0132457789565337e-05,4.7115928721478816e-05
rel_alpha__posterior,0.15353418453041184,0.4771862371721051,0.8160919540229885,AD lower,1.3716976812486729e-05,6.074661159815552e-05
rel_beta__temporal,0.0892070263619415,0.1590935858003559,0.8122605363984674,AD lower,1.742559343498981e-05,7.046000823713271e-05
logSlowFast__parietal,0.483362029044081,-0.1551151115888369,0.8122605363984674,AD higher,1.742559343498981e-05,7.046000823713271e-05
rel_alpha__global,0.117388871228536,0.3534566401541614,0.8093869731800767,AD lower,2.0814856636798583e-05,8.065756946759451e-05
logSlowFast__frontal,0.6598348876068862,0.0482138154370923,0.8084291187739464,AD higher,2.20778695512271e-05,8.212967473056481e-05
rel_alpha__temporal,0.13438986377524786,0.3660377178369673,0.8074712643678161,AD lower,2.3413615902012094e-05,8.374870303412018e-05
logSlowFast__central,0.3400201810092339,-0.1218307814136651,0.803639846743295,AD higher,2.9565824088642563e-05,9.820077286584851e-05
rel_alpha__frontal,0.0946760966462229,0.2739883437790809,0.803639846743295,AD lower,2.9565824088642563e-05,9.820077286584851e-05
rel_beta__global,0.08572821629336294,0.1289706409621228,0.7902298850574713,AD lower,6.551011168164084e-05,0.00021008415125491718
rel_alpha__parietal,0.13299813739084698,0.4139544197049493,0.7844827586206897,AD lower,9.12135231045658e-05,0.0002736405693136974
hjorth_complexity__temporal,2.438909168702492,1.869363868478291,0.7844827586206896,AD higher,9.12135231045658e-05,0.0002736405693136974
hjorth_complexity__posterior,2.6646666089407427,1.937759184975093,0.7835249042145593,AD higher,9.633090939194908e-05,0.000279961705420352
rel_beta__parietal,0.06552737254558774,0.1391358201965199,0.7787356321839081,AD lower,0.00012624631398697176,0.0003557850666905568
hjorth_complexity__global,2.735840019223374,2.00550513143657,0.7777777777777778,AD higher,0.0001331967505615573,0.0003643322883007303
rel_alpha__central,0.13556291187652855,0.2976426448165214,0.7739463601532567,AD lower,0.00016476881542033524,0.00042565277316919934
rel_beta__frontal,0.08256612494159975,0.1156012423099605,0.7739463601532567,AD lower,0.00016476881542033524,0.00042565277316919934
hjorth_complexity__parietal,2.819996108661136,1.942750126142838,0.7691570881226054,AD higher,0.00021415936915871353,0.0005382924684259557
rel_delta__occipital,0.4867015987690213,0.2498124018089408,0.764367816091954,AD higher,0.00027720908400300843,0.0006610370464687124
hjorth_complexity__occipital,2.7093944480631373,1.989963408744198,0.764367816091954,AD higher,0.00027720908400300843,0.0006610370464687124
SEF50__temporal,5.001666348451055,9.400443057680846,0.7634099616858238,AD lower,0.00029174724587434185,0.0006783123466578448
rel_beta__posterior,0.07297666970310256,0.1183468324137667,0.7605363984674329,AD lower,0.00033976257580737744,0.0007706809646362465
SEF50__posterior,4.218283836281321,8.766235444340685,0.7595785440613027,AD lower,0.0003573459168810493,0.0007912659588080377
SEF50__parietal,3.9535699910507347,9.048936396701556,0.7586206896551724,AD lower,0.0003757774003677764,0.0008127278659117025
rel_delta__temporal,0.3979932141908835,0.2541798197075724,0.7490421455938697,AD higher,0.0006157781875876233,0.0013015311692192947
hjorth_complexity__frontal,2.8076190896888518,2.200379682425968,0.7471264367816092,AD higher,0.0006783720753088735,0.0014019689556383386
rel_beta__central,0.10547961916882034,0.1824401101162734,0.7442528735632183,AD lower,0.0007834295525691172,0.0015838901823679978
SEF50__global,4.327498424023181,8.12733267388258,0.7413793103448276,AD lower,0.0009034254852917026,0.0017876291517474115
SEF50__occipital,3.8170364452051517,8.957470357613389,0.7404214559386972,AD lower,0.0009470679064610063,0.0018349440687682
rel_delta__posterior,0.45130151986489,0.2494736252605287,0.7385057471264368,AD higher,0.0010402693907476963,0.001974388843663995
hjorth_complexity__central,2.2274831794236793,1.8901949593807572,0.7327586206896551,AD higher,0.0013732162277651128,0.00255418218364311
hjorth_mobility__parietal,9.777182808508018,11.632001258927115,0.7270114942528736,AD lower,0.0018021260259346653,0.003286229811998507
rel_delta__parietal,0.48106217794283274,0.2846468188620011,0.7145593869731801,AD higher,0.0031830583217942413,0.005692777383208932
rel_delta__global,0.4403944636894833,0.3089044954107862,0.7097701149425287,AD higher,0.003932835467148362,0.00690101317820373
SEF50__central,5.299589864907374,9.331555455492316,0.7040229885057472,AD lower,0.0050423064556335264,0.008683972229146629
hjorth_mobility__posterior,10.079891960427272,11.760561716434792,0.7001915708812261,AD lower,0.005931734204709837,0.01003002329160027
rel_delta__frontal,0.49212272892664477,0.3907901279948078,0.6934865900383141,AD higher,0.007833719379113766,0.013009569683171076
rel_beta__occipital,0.06730070980300576,0.0890028601919213,0.6906130268199233,AD lower,0.00880424005993742,0.014117143544382413
SEF50__frontal,3.7868058112591094,6.85628127074523,0.6906130268199233,AD lower,0.00880424005993742,0.014117143544382413
hjorth_mobility__global,11.169654347348775,12.493556775643889,0.6867816091954023,AD lower,0.01026488257274536,0.016180238631615565
SEF95__parietal,20.172386142970026,22.965626365018505,0.6704980842911877,AD lower,0.019158588236800722,0.029695811767041117
rel_delta__central,0.3719376646377799,0.3058271296011584,0.6685823754789272,AD higher,0.020556238816907227,0.03133983950774381
hjorth_logActivity__occipital,-10.283924184498357,-10.144695342457837,0.6628352490421456,AD lower,0.025295725613942128,0.037943588420913194
hjorth_mobility__frontal,10.89958975214546,12.186232354694186,0.6609195402298851,AD lower,0.027073057141173952,0.03996498911316155
hjorth_mobility__occipital,9.824356487358816,11.190687335492118,0.6551724137931034,AD lower,0.03306591078772903,0.04804890161341875
hjorth_mobility__temporal,12.473482777598115,13.675176338861252,0.6417624521072797,AD lower,0.05159147106730351,0.07381548937321887
SEF95__frontal,25.546271258599823,28.809126442299192,0.6283524904214559,AD lower,0.07810784913318501,0.11006106014221524
hjorth_mobility__central,12.346316785317999,13.119181141187552,0.6159003831417624,AD lower,0.11178667466377765,0.1551665782646466
hjorth_logActivity__frontal,-10.279919695367806,-10.295905384850595,0.6111111111111112,AD higher,0.12745136720416617,0.17430848749981548
SEF95__global,24.838145231732042,26.99537485420713,0.6101532567049808,AD lower,0.13078009345427985,0.1762688216122902
rel_gamma__parietal,0.03406187589928625,0.0428482235154092,0.5996168582375478,AD lower,0.17198037322058823,0.22848821013592438
SEF95__posterior,21.751081343498576,23.044239358677437,0.5909961685823755,AD lower,0.2123619539566548,0.2668873205130932
hjorth_logActivity__posterior,-10.377871139006853,-10.264610393566205,0.5909961685823755,AD lower,0.2123619539566548,0.2668873205130932
rel_gamma__frontal,0.0619003152695145,0.0840122343841417,0.5909961685823755,AD lower,0.2123619539566548,0.2668873205130932
entropy__frontal,0.7528615828044972,0.7710132912460305,0.5804597701149425,AD lower,0.2704911402603365,0.3309957374238328
entropy__occipital,0.7510244382898318,0.7279755679396038,0.5804597701149425,AD higher,0.2704911402603365,0.3309957374238328
rel_gamma__global,0.06150007136110515,0.0711509069940484,0.5689655172413793,AD lower,0.3453890695593397,0.4171582268703713
entropy__temporal,0.7949309668077496,0.8088010953748586,0.5632183908045977,AD lower,0.38737371504738594,0.4618686602488063
entropy__global,0.7685032039780595,0.7786776244148439,0.5622605363984674,AD lower,0.39466206669663795,0.4646021797821181
entropy__parietal,0.7513875159853436,0.7610735713541604,0.5574712643678161,AD lower,0.43233093051525195,0.5025847067239804
rel_gamma__temporal,0.06565341820940915,0.0859338743184532,0.5545977011494253,AD lower,0.45589771878770646,0.5234381215710704
SEF95__temporal,26.18169660746196,28.7933133284392,0.5526819923371648,AD lower,0.472002162134154,0.5353195253472722
entropy__central,0.8050706177121358,0.8302862024472458,0.5498084291187739,AD lower,0.49673570271969536,0.5565833777461646
rel_gamma__central,0.0708891840841257,0.0788182575080503,0.5459770114942528,AD lower,0.5307590927132377,0.5876261383610847
SEF95__occipital,20.696265015822902,20.834019352432463,0.5344827586206897,AD lower,0.6394369710191687,0.6996192741739141
hjorth_logActivity__central,-10.62054710643701,-10.589529136415289,0.5325670498084292,AD lower,0.6584222230139791,0.7120147295383727
alpha_present,1.0,1.0,0.5277777777777778,AD lower,0.20865507861422983,0.2668873205130932
rel_gamma__posterior,0.038039816587725706,0.040713857381025,0.5268199233716475,AD lower,0.7166707652748262,0.7660963352937796
rel_gamma__occipital,0.034154661706581796,0.0331724845832487,0.5210727969348659,AD higher,0.7766164974203399,0.8207424347737683
SEF95__central,27.979788587320943,27.133424253784657,0.5162835249042146,AD lower,0.8276261751136111,0.8648228571411891
hjorth_logActivity__parietal,-10.510012362402286,-10.4689486099858,0.5134099616858238,AD lower,0.8585999092865599,0.8774702369631876
hjorth_logActivity__global,-10.382558536803963,-10.365045200360283,0.5134099616858238,AD higher,0.8585999092865599,0.8774702369631876
hjorth_logActivity__temporal,-10.354049733457554,-10.290017873586864,0.5105363984674329,AD lower,0.8897928537703296,0.8994645152243549
entropy__posterior,0.7582284888974911,0.7461856745805401,0.5,AD higher,1.0,1.0
