participant_id,Gender,Age,Group,MMSE,group,sfreq,n_channels,duration_s
sub-001,F,57,A,16,AD,500.0,19,599.8
sub-002,F,78,A,22,AD,500.0,19,793.1
sub-003,M,70,A,14,AD,500.0,19,307.1
sub-004,F,67,A,20,AD,500.0,19,707.1
sub-005,M,70,A,22,AD,500.0,19,804.1
sub-006,F,61,A,14,AD,500.0,19,637.1
sub-007,F,79,A,20,AD,500.0,19,769.1
sub-008,M,62,A,16,AD,500.0,19,799.1
sub-009,F,77,A,23,AD,500.0,19,613.6
sub-010,M,69,A,20,AD,500.0,19,1291.1
sub-011,M,71,A,22,AD,500.0,19,771.6
sub-012,M,63,A,18,AD,500.0,19,898.3
sub-013,F,64,A,20,AD,500.0,19,840.1
sub-014,M,77,A,14,AD,500.0,19,945.2
sub-015,M,61,A,18,AD,500.0,19,910.1
sub-016,F,68,A,14,AD,500.0,19,985.1
sub-017,F,61,A,6,AD,500.0,19,847.1
sub-018,F,73,A,23,AD,500.0,19,847.1
sub-019,F,62,A,14,AD,500.0,19,920.3
sub-020,M,71,A,4,AD,500.0,19,869.3
sub-021,M,79,A,22,AD,500.0,19,923.3
sub-022,F,68,A,20,AD,500.0,19,823.6
sub-023,M,60,A,16,AD,500.0,19,862.6
sub-024,F,69,A,20,AD,500.0,19,767.5
sub-025,F,79,A,20,AD,500.0,19,698.4
sub-026,F,61,A,18,AD,500.0,19,917.4
sub-027,F,67,A,16,AD,500.0,19,830.9
sub-028,M,49,A,20,AD,500.0,19,826.5
sub-029,F,53,A,16,AD,500.0,19,740.7
sub-030,F,56,A,20,AD,500.0,19,557.1
sub-031,F,67,A,22,AD,500.0,19,1156.8
sub-032,F,59,A,20,AD,500.0,19,854.9
sub-033,F,72,A,20,AD,500.0,19,707.1
sub-034,F,75,A,18,AD,500.0,19,970.9
sub-035,F,57,A,22,AD,500.0,19,757.1
sub-036,F,58,A,9,AD,500.0,19,853.1
sub-037,M,57,C,30,CN,500.0,19,777.1
sub-038,M,62,C,30,CN,500.0,19,894.1
sub-039,M,70,C,30,CN,500.0,19,857.1
sub-040,M,61,C,30,CN,500.0,19,1017.1
sub-041,F,77,C,30,CN,500.0,19,887.1
sub-042,M,74,C,30,CN,500.0,19,975.1
sub-043,M,72,C,30,CN,500.0,19,829.1
sub-044,F,64,C,30,CN,500.0,19,881.6
sub-045,F,70,C,30,CN,500.0,19,862.7
sub-046,M,63,C,30,CN,500.0,19,758.4
sub-047,F,70,C,30,CN,500.0,19,808.0
sub-048,M,65,C,30,CN,500.0,19,1013.4
sub-049,F,62,C,30,CN,500.0,19,784.2
sub-050,M,68,C,30,CN,500.0,19,826.7
sub-051,F,75,C,30,CN,500.0,19,787.3
sub-052,F,73,C,30,CN,500.0,19,761.1
sub-053,M,70,C,30,CN,500.0,19,799.3
sub-054,M,78,C,30,CN,500.0,19,842.3
sub-055,M,67,C,30,CN,500.0,19,824.0
sub-056,F,64,C,30,CN,500.0,19,885.4
sub-057,M,64,C,30,CN,500.0,19,796.5
sub-058,M,62,C,30,CN,500.0,19,762.8
sub-059,M,77,C,30,CN,500.0,19,789.8
sub-060,F,71,C,30,CN,500.0,19,751.5
sub-061,F,63,C,30,CN,500.0,19,807.3
sub-062,M,67,C,30,CN,500.0,19,912.1
sub-063,M,66,C,30,CN,500.0,19,809.3
sub-064,M,66,C,30,CN,500.0,19,849.1
sub-065,F,71,C,30,CN,500.0,19,884.1
sub-066,M,73,F,20,FTD,500.0,19,551.1
sub-067,M,66,F,24,FTD,500.0,19,643.1
sub-068,M,78,F,25,FTD,500.0,19,574.1
sub-069,M,70,F,22,FTD,500.0,19,637.1
sub-070,F,67,F,22,FTD,500.0,19,479.1
sub-071,M,62,F,20,FTD,500.0,19,623.6
sub-072,M,65,F,18,FTD,500.0,19,661.1
sub-073,F,57,F,22,FTD,500.0,19,857.6
sub-074,F,53,F,20,FTD,500.0,19,1026.9
sub-075,F,71,F,22,FTD,500.0,19,751.2
sub-076,M,44,F,24,FTD,500.0,19,818.8
sub-077,M,61,F,22,FTD,500.0,19,704.5
sub-078,M,62,F,22,FTD,500.0,19,875.6
sub-079,F,60,F,18,FTD,500.0,19,824.4
sub-080,F,71,F,20,FTD,500.0,19,930.9
sub-081,F,61,F,18,FTD,500.0,19,829.5
sub-082,M,63,F,27,FTD,500.0,19,777.6
sub-083,F,68,F,20,FTD,500.0,19,913.2
sub-084,F,71,F,24,FTD,500.0,19,652.1
sub-085,M,64,F,26,FTD,500.0,19,566.1
sub-086,M,49,F,26,FTD,500.0,19,655.6
sub-087,M,73,F,24,FTD,500.0,19,606.1
sub-088,M,55,F,24,FTD,500.0,19,794.1
